postcode,locality,state,lat,long,sa4name
2731,BUNNALOO,NSW,-35.893394,144.641831,Shepparton
2731,MOAMA,NSW,-35.893394,144.641831,Shepparton
2731,TANTONAN,NSW,-35.893394,144.641831,Shepparton
2731,THYRA,NSW,-35.84487627,144.7439889,Shepparton
2731,WOMBOOTA,NSW,-35.893394,144.641831,Shepparton
3000,MELBOURNE,VIC,-37.81443733,144.9825846,Melbourne - Inner
3002,EAST MELBOURNE,VIC,-37.81443733,144.9825846,Melbourne - Inner
3003,WEST MELBOURNE,VIC,-37.810871,144.949592,Melbourne - Inner
3004,MELBOURNE,VIC,-37.81443733,144.9825846,Melbourne - Inner
3004,ST KILDA ROAD CENTRAL,VIC,-37.844246,144.970161,Melbourne - Inner
3004,ST KILDA ROAD MELBOURNE,VIC,-37.8368,144.976,Melbourne - Inner
3005,WORLD TRADE CENTRE,VIC,-37.824608,144.950858,Melbourne - Inner
3006,SOUTH WHARF,VIC,-37.82528675,144.9520744,Melbourne - Inner
3006,SOUTHBANK,VIC,-37.823258,144.965926,Melbourne - Inner
3008,DOCKLANDS,VIC,-37.814719,144.948039,Melbourne - Inner
3010,UNIVERSITY OF MELBOURNE,VIC,-37.796152,144.961351,Melbourne - Inner
3011,FOOTSCRAY,VIC,-37.807101,144.907953,Melbourne - West
3011,SEDDON,VIC,-37.807101,144.907953,Melbourne - West
3011,SEDDON WEST,VIC,-37.807101,144.907953,Melbourne - West
3012,BROOKLYN,VIC,-37.807135,144.861162,Melbourne - West
3012,KINGSVILLE,VIC,-37.807135,144.861162,Melbourne - West
3012,KINGSVILLE WEST,VIC,-37.807135,144.861162,Melbourne - West
3012,MAIDSTONE,VIC,-37.807135,144.861162,Melbourne - West
3012,TOTTENHAM,VIC,-37.807135,144.861162,Melbourne - West
3012,WEST FOOTSCRAY,VIC,-37.807135,144.861162,Melbourne - West
3013,YARRAVILLE,VIC,-37.814183,144.888686,Melbourne - West
3013,YARRAVILLE WEST,VIC,-37.814183,144.888686,Melbourne - West
3015,NEWPORT,VIC,-37.838242,144.880556,Melbourne - West
3015,SOUTH KINGSVILLE,VIC,-37.838242,144.880556,Melbourne - West
3015,SPOTSWOOD,VIC,-37.838242,144.880556,Melbourne - West
3016,WILLIAMSTOWN,VIC,-37.863743,144.888461,Melbourne - West
3016,WILLIAMSTOWN NORTH,VIC,-37.863743,144.888461,Melbourne - West
3018,ALTONA,VIC,-37.86172,144.812736,Melbourne - West
3018,SEAHOLME,VIC,-37.86172,144.812736,Melbourne - West
3019,BRAYBROOK,VIC,-37.784683,144.854014,Melbourne - West
3019,BRAYBROOK NORTH,VIC,-37.784683,144.854014,Melbourne - West
3019,ROBINSON,VIC,-37.784683,144.854014,Melbourne - West
3020,ALBION,VIC,-37.777204,144.829945,Melbourne - West
3020,GLENGALA,VIC,-37.777204,144.829945,Melbourne - West
3020,SUNSHINE,VIC,-37.777204,144.829945,Melbourne - West
3020,SUNSHINE NORTH,VIC,-37.777204,144.829945,Melbourne - West
3020,SUNSHINE WEST,VIC,-37.79809941,144.8110787,Melbourne - West
3021,ALBANVALE,VIC,-37.743361,144.796693,Melbourne - West
3021,KEALBA,VIC,-37.743361,144.796693,Melbourne - West
3021,KINGS PARK,VIC,-37.743361,144.796693,Melbourne - West
3021,ST ALBANS,VIC,-37.743361,144.796693,Melbourne - West
3022,ARDEER,VIC,-37.795937,144.793961,Melbourne - West
3022,DEER PARK EAST,VIC,-37.795937,144.793961,Melbourne - West
3023,BURNSIDE,VIC,-37.78272,144.770641,Melbourne - West
3023,BURNSIDE HEIGHTS,VIC,-37.73218752,144.755657,Melbourne - West
3023,CAIRNLEA,VIC,-37.78272,144.770641,Melbourne - West
3023,CAROLINE SPRINGS,VIC,-37.78272,144.770641,Melbourne - West
3023,DEER PARK,VIC,-37.78272,144.770641,Melbourne - West
3023,DEER PARK NORTH,VIC,-37.78272,144.770641,Melbourne - West
3023,RAVENHALL,VIC,-37.78272,144.770641,Melbourne - West
3024,FIELDSTONE,VIC,-37.75045631,144.649936,Melbourne - West
3024,MAMBOURIN,VIC,-37.899873,144.556552,Melbourne - West
3024,MANOR LAKES,VIC,-37.86694209,144.5812323,Melbourne - West
3024,MOUNT COTTRELL,VIC,-37.899873,144.556552,Melbourne - West
3024,WYNDHAM VALE,VIC,-37.899873,144.556552,Melbourne - West
3025,ALTONA EAST,VIC,-37.835562,144.839704,Melbourne - West
3025,ALTONA GATE,VIC,-37.835562,144.839704,Melbourne - West
3025,ALTONA NORTH,VIC,-37.835562,144.839704,Melbourne - West
3026,DERRIMUT,VIC,-37.91624,144.64209,Melbourne - West
3026,LAVERTON NORTH,VIC,-37.829923,144.774986,Melbourne - West
3027,LAVERTON RAAF,VIC,-37.932419,144.754147,Melbourne - West
3027,WILLIAMS LANDING,VIC,-37.86199812,144.7430155,Melbourne - West
3027,WILLIAMS RAAF,VIC,-37.932419,144.754147,Melbourne - West
3028,ALTONA MEADOWS,VIC,-37.875066,144.777165,Melbourne - West
3028,LAVERTON,VIC,-37.875066,144.777165,Melbourne - West
3028,SEABROOK,VIC,-37.875066,144.777165,Melbourne - West
3029,HOPPERS CROSSING,VIC,-37.837165,144.705831,Melbourne - West
3029,TARNEIT,VIC,-37.837165,144.705831,Melbourne - West
3029,TRUGANINA,VIC,-37.837165,144.705831,Melbourne - West
3030,CHARTWELL,VIC,-37.91624,144.64209,Melbourne - West
3030,COCOROC,VIC,-37.91624,144.64209,Melbourne - West
3030,POINT COOK,VIC,-37.91624,144.64209,Melbourne - West
3030,QUANDONG,VIC,-37.91624,144.64209,Melbourne - West
3030,WERRIBEE,VIC,-37.91624,144.64209,Melbourne - West
3030,WERRIBEE SOUTH,VIC,-37.91624,144.64209,Melbourne - West
3031,FLEMINGTON,VIC,-37.79119,144.923403,Melbourne - Inner
3031,KENSINGTON,VIC,-37.79119,144.923403,Melbourne - Inner
3032,ASCOT VALE,VIC,-37.774486,144.897221,Melbourne - West
3032,HIGHPOINT CITY,VIC,-37.774486,144.897221,Melbourne - West
3032,MARIBYRNONG,VIC,-37.774486,144.897221,Melbourne - West
3032,TRAVANCORE,VIC,-37.774486,144.897221,Melbourne - West
3033,KEILOR EAST,VIC,-37.74107,144.857638,Melbourne - West
3034,AVONDALE HEIGHTS,VIC,-37.761235,144.86194,Melbourne - North West
3036,KEILOR,VIC,-37.705324,144.82246,Melbourne - West
3036,KEILOR NORTH,VIC,-37.705324,144.82246,Melbourne - West
3037,CALDER PARK,VIC,-37.715579,144.780474,Melbourne - West
3037,DELAHEY,VIC,-37.715579,144.780474,Melbourne - West
3037,HILLSIDE,VIC,-37.715579,144.780474,Melbourne - West
3037,PLUMPTON,VIC,-37.715579,144.780474,Melbourne - West
3037,SYDENHAM,VIC,-37.715579,144.780474,Melbourne - West
3037,TAYLORS HILL,VIC,-37.715579,144.780474,Melbourne - West
3038,KEILOR DOWNS,VIC,-37.700454,144.766873,Melbourne - West
3038,KEILOR LODGE,VIC,-37.700454,144.766873,Melbourne - West
3038,TAYLORS LAKES,VIC,-37.700454,144.766873,Melbourne - West
3038,WATERGARDENS,VIC,-37.700454,144.766873,Melbourne - West
3039,MOONEE PONDS,VIC,-37.766184,144.922995,Melbourne - Inner
3040,ABERFELDIE,VIC,-37.751845,144.902556,Melbourne - North West
3040,ESSENDON,VIC,-37.751845,144.902556,Melbourne - North West
3040,ESSENDON WEST,VIC,-37.751845,144.902556,Melbourne - North West
3041,CROSS KEYS,VIC,-37.731464,144.904815,Melbourne - North West
3041,ESSENDON FIELDS,VIC,-37.731464,144.904815,Melbourne - North West
3041,ESSENDON NORTH,VIC,-37.731464,144.904815,Melbourne - North West
3041,STRATHMORE,VIC,-37.731464,144.904815,Melbourne - North West
3041,STRATHMORE HEIGHTS,VIC,-37.731464,144.904815,Melbourne - North West
3042,AIRPORT WEST,VIC,-37.727529,144.866305,Melbourne - North West
3042,KEILOR PARK,VIC,-37.727529,144.866305,Melbourne - North West
3042,NIDDRIE,VIC,-37.727529,144.866305,Melbourne - North West
3042,NIDDRIE NORTH,VIC,-37.7393,144.886,Melbourne - North West
3043,GLADSTONE PARK,VIC,-37.691916,144.888368,Melbourne - North West
3043,GOWANBRAE,VIC,-37.691916,144.888368,Melbourne - North West
3043,TULLAMARINE,VIC,-37.691916,144.888368,Melbourne - North West
3044,PASCOE VALE,VIC,-37.731138,144.936356,Melbourne - North West
3044,PASCOE VALE SOUTH,VIC,-37.731138,144.936356,Melbourne - North West
3045,MELBOURNE AIRPORT,VIC,-37.674739,144.836195,Melbourne - North West
3046,GLENROY,VIC,-37.706578,144.927968,Melbourne - North West
3046,HADFIELD,VIC,-37.706578,144.927968,Melbourne - North West
3046,OAK PARK,VIC,-37.706578,144.927968,Melbourne - North West
3047,BROADMEADOWS,VIC,-37.681105,144.930247,Melbourne - North West
3047,DALLAS,VIC,-37.681105,144.930247,Melbourne - North West
3047,JACANA,VIC,-37.681105,144.930247,Melbourne - North West
3048,COOLAROO,VIC,-37.653917,144.923609,Melbourne - North West
3048,MEADOW HEIGHTS,VIC,-37.653917,144.923609,Melbourne - North West
3049,ATTWOOD,VIC,-37.673182,144.888492,Melbourne - North West
3049,WESTMEADOWS,VIC,-37.673182,144.888492,Melbourne - North West
3050,ROYAL MELBOURNE HOSPITAL,VIC,-37.7989153,144.95617,Melbourne - Inner
3051,HOTHAM HILL,VIC,-37.8006,144.943559,Melbourne - Inner
3051,NORTH MELBOURNE,VIC,-37.8006,144.943559,Melbourne - Inner
3052,MELBOURNE UNIVERSITY,VIC,-37.788996,144.948903,Melbourne - Inner
3052,PARKVILLE,VIC,-37.788996,144.948903,Melbourne - Inner
3053,CARLTON,VIC,-37.803569,144.966112,Melbourne - Inner
3053,CARLTON SOUTH,VIC,-37.803569,144.966112,Melbourne - Inner
3054,CARLTON NORTH,VIC,-37.786971,144.96724,Melbourne - Inner
3054,PRINCES HILL,VIC,-37.786971,144.96724,Melbourne - Inner
3055,BRUNSWICK SOUTH,VIC,-37.763584,144.942222,Melbourne - Inner
3055,BRUNSWICK WEST,VIC,-37.763584,144.942222,Melbourne - Inner
3055,MOONEE VALE,VIC,-37.763584,144.942222,Melbourne - Inner
3055,MORELAND WEST,VIC,-37.763584,144.942222,Melbourne - Inner
3056,BRUNSWICK,VIC,-37.766292,144.960108,Melbourne - Inner
3056,BRUNSWICK LOWER,VIC,-37.766292,144.960108,Melbourne - Inner
3056,BRUNSWICK NORTH,VIC,-37.766292,144.960108,Melbourne - Inner
3057,BRUNSWICK EAST,VIC,-37.770012,144.97728,Melbourne - Inner
3057,LYGON STREET NORTH,VIC,-37.770012,144.97728,Melbourne - Inner
3057,SUMNER,VIC,-37.772232,144.98034,Melbourne - Inner
3058,BATMAN,VIC,-37.739901,144.964524,Melbourne - North West
3058,COBURG,VIC,-37.739901,144.964524,Melbourne - North West
3058,COBURG NORTH,VIC,-37.739901,144.964524,Melbourne - North West
3058,MERLYNSTON,VIC,-37.739901,144.964524,Melbourne - North West
3058,MORELAND,VIC,-37.739901,144.964524,Melbourne - North West
3059,GREENVALE,VIC,-37.639887,144.879626,Melbourne - North West
3060,FAWKNER,VIC,-37.707326,144.967874,Melbourne - North West
3060,FAWKNER EAST,VIC,-37.707326,144.967874,Melbourne - North West
3060,FAWKNER NORTH,VIC,-37.707326,144.967874,Melbourne - North West
3061,CAMPBELLFIELD,VIC,-37.666265,144.956763,Melbourne - North West
3062,SOMERTON,VIC,-37.632986,144.932557,Melbourne - North West
3063,OAKLANDS JUNCTION,VIC,-37.595015,144.856082,Melbourne - North West
3063,YUROKE,VIC,-37.595015,144.856082,Melbourne - North West
3064,CRAIGIEBURN,VIC,-37.546522,144.942199,Melbourne - North West
3064,DONNYBROOK,VIC,-37.546522,144.942199,Melbourne - North West
3064,KALKALLO,VIC,-37.546522,144.942199,Melbourne - North West
3064,MICKLEHAM,VIC,-37.546522,144.942199,Melbourne - North West
3064,ROXBURGH PARK,VIC,-37.546522,144.942199,Melbourne - North West
3065,FITZROY,VIC,-37.802608,144.977795,Melbourne - Inner
3066,COLLINGWOOD,VIC,-37.804846,144.986906,Melbourne - Inner
3066,COLLINGWOOD NORTH,VIC,-37.804846,144.986906,Melbourne - Inner
3067,ABBOTSFORD,VIC,-37.803515,144.998203,Melbourne - Inner
3068,CLIFTON HILL,VIC,-37.790974,144.98622,Melbourne - Inner
3068,FITZROY NORTH,VIC,-37.790974,144.98622,Melbourne - Inner
3070,NORTHCOTE,VIC,-37.774064,144.999745,Melbourne - Inner
3070,NORTHCOTE SOUTH,VIC,-37.774064,144.999745,Melbourne - Inner
3071,THORNBURY,VIC,-37.759426,145.007006,Melbourne - Inner
3072,GILBERTON,VIC,-37.74247,145.005702,Melbourne - North East
3072,NORTHLAND CENTRE,VIC,-37.74247,145.005702,Melbourne - North East
3072,PRESTON,VIC,-37.74247,145.005702,Melbourne - North East
3072,PRESTON LOWER,VIC,-37.74247,145.005702,Melbourne - North East
3072,PRESTON SOUTH,VIC,-37.74247,145.005702,Melbourne - North East
3072,PRESTON WEST,VIC,-37.74247,145.005702,Melbourne - North East
3072,REGENT WEST,VIC,-37.74247,145.005702,Melbourne - North East
3072,SYLVESTER,VIC,-37.74247,145.005702,Melbourne - North East
3073,KEON PARK,VIC,-37.712474,145.005955,Melbourne - North East
3073,RESERVOIR,VIC,-37.712474,145.005955,Melbourne - North East
3073,RESERVOIR EAST,VIC,-37.712474,145.005955,Melbourne - North East
3073,RESERVOIR NORTH,VIC,-37.712474,145.005955,Melbourne - North East
3073,RESERVOIR SOUTH,VIC,-37.712474,145.005955,Melbourne - North East
3074,THOMASTOWN,VIC,-37.684684,145.006644,Melbourne - North West
3075,LALOR,VIC,-37.66607,145.002679,Melbourne - North East
3075,LALOR PLAZA,VIC,-37.66607,145.002679,Melbourne - North East
3076,EPPING,VIC,-37.643598,145.022137,Melbourne - North East
3076,EPPING DC,VIC,-37.643598,145.022137,Melbourne - North East
3078,ALPHINGTON,VIC,-37.778298,145.025853,Melbourne - Inner
3078,FAIRFIELD,VIC,-37.778298,145.025853,Melbourne - Inner
3079,IVANHOE,VIC,-37.772675,145.048573,Melbourne - North East
3079,IVANHOE EAST,VIC,-37.772675,145.048573,Melbourne - North East
3079,IVANHOE NORTH,VIC,-37.772675,145.048573,Melbourne - North East
3081,BELLFIELD,VIC,-37.743008,145.046401,Melbourne - North East
3081,HEIDELBERG HEIGHTS,VIC,-37.743008,145.046401,Melbourne - North East
3081,HEIDELBERG RGH,VIC,-37.743008,145.046401,Melbourne - North East
3081,HEIDELBERG WEST,VIC,-37.743008,145.046401,Melbourne - North East
3082,MILL PARK,VIC,-37.664858,145.065658,Melbourne - North East
3083,BUNDOORA,VIC,-37.701346,145.056223,Melbourne - North East
3083,KINGSBURY,VIC,-37.701346,145.056223,Melbourne - North East
3083,LA TROBE UNIVERSITY,VIC,-37.701346,145.056223,Melbourne - North East
3084,BANYULE,VIC,-37.744406,145.082685,Melbourne - North East
3084,EAGLEMONT,VIC,-37.744406,145.082685,Melbourne - North East
3084,HEIDELBERG,VIC,-37.744406,145.082685,Melbourne - North East
3084,ROSANNA,VIC,-37.744406,145.082685,Melbourne - North East
3084,VIEWBANK,VIC,-37.744406,145.082685,Melbourne - North East
3085,MACLEOD,VIC,-37.724398,145.06988,Melbourne - North East
3085,MACLEOD WEST,VIC,-37.724398,145.06988,Melbourne - North East
3085,YALLAMBIE,VIC,-37.724398,145.06988,Melbourne - North East
3086,LA TROBE UNIVERSITY,VIC,-37.721328,145.047012,Melbourne - North East
3087,WATSONIA,VIC,-37.711787,145.082426,Melbourne - North East
3087,WATSONIA NORTH,VIC,-37.711787,145.082426,Melbourne - North East
3088,BRIAR HILL,VIC,-37.700175,145.108339,Melbourne - North East
3088,GREENSBOROUGH,VIC,-37.700175,145.108339,Melbourne - North East
3088,SAINT HELENA,VIC,-37.700175,145.108339,Melbourne - North East
3088,ST HELENA,VIC,-37.68949912,145.1294801,Melbourne - North East
3089,DIAMOND CREEK,VIC,-37.667713,145.150369,Melbourne - North East
3090,PLENTY,VIC,-37.668408,145.107802,Melbourne - North East
3091,YARRAMBAT,VIC,-37.637478,145.136688,Melbourne - North East
3093,LOWER PLENTY,VIC,-37.73919,145.115208,Melbourne - North East
3094,MONTMORENCY,VIC,-37.719759,145.124727,Melbourne - North East
3095,ELTHAM,VIC,-37.713299,145.158579,Melbourne - North East
3095,ELTHAM NORTH,VIC,-37.713299,145.158579,Melbourne - North East
3095,RESEARCH,VIC,-37.713299,145.158579,Melbourne - North East
3096,WATTLE GLEN,VIC,-37.670851,145.185826,Melbourne - North East
3097,BEND OF ISLANDS,VIC,-37.695254,145.224204,Melbourne - North East
3097,KANGAROO GROUND,VIC,-37.695254,145.224204,Melbourne - North East
3097,WATSONS CREEK,VIC,-37.695254,145.224204,Melbourne - North East
3099,ARTHURS CREEK,VIC,-37.592101,145.192854,Melbourne - North East
3099,COTTLES BRIDGE,VIC,-37.592101,145.192854,Melbourne - North East
3099,HURSTBRIDGE,VIC,-37.592101,145.192854,Melbourne - North East
3099,NUTFIELD,VIC,-37.592101,145.192854,Melbourne - North East
3099,STRATHEWEN,VIC,-37.592101,145.192854,Melbourne - North East
3101,COTHAM,VIC,-37.807397,145.036575,Melbourne - Inner East
3101,KEW,VIC,-37.807397,145.036575,Melbourne - Inner East
3102,KEW EAST,VIC,-37.793805,145.05219,Melbourne - Inner East
3103,BALWYN,VIC,-37.811738,145.074116,Melbourne - Inner East
3103,BALWYN EAST,VIC,-37.811738,145.074116,Melbourne - Inner East
3103,DEEPDENE,VIC,-37.81141396,145.0658595,Melbourne - Inner East
3103,DEEPDENE DC,VIC,-37.811738,145.074116,Melbourne - Inner East
3103,STRADBROKE PARK,VIC,-37.8007,145.062,Melbourne - Inner East
3104,BALWYN NORTH,VIC,-37.793695,145.081714,Melbourne - Inner East
3104,GREYTHORN,VIC,-37.793695,145.081714,Melbourne - Inner East
3105,BULLEEN,VIC,-37.772477,145.084806,Melbourne - North East
3105,BULLEEN SOUTH,VIC,-37.772477,145.084806,Melbourne - North East
3106,TEMPLESTOWE,VIC,-37.758335,145.142675,Melbourne - Inner East
3107,TEMPLESTOWE LOWER,VIC,-37.765225,145.110677,Melbourne - Inner East
3108,DONCASTER,VIC,-37.786429,145.125797,Melbourne - Inner East
3109,DONCASTER EAST,VIC,-37.784786,145.161649,Melbourne - Outer East
3109,DONCASTER HEIGHTS,VIC,-37.784786,145.161649,Melbourne - Outer East
3109,THE PINES,VIC,-37.784786,145.161649,Melbourne - Outer East
3109,TUNSTALL SQUARE PO,VIC,-37.784786,145.161649,Melbourne - Outer East
3111,DONVALE,VIC,-37.794054,145.186334,Melbourne - Outer East
3113,NORTH WARRANDYTE,VIC,-37.752123,145.204689,Melbourne - Outer East
3113,WARRANDYTE,VIC,-37.752123,145.204689,Melbourne - Outer East
3114,PARK ORCHARDS,VIC,-37.778595,145.212599,Melbourne - Outer East
3115,WONGA PARK,VIC,-37.736734,145.267586,Melbourne - Outer East
3116,CHIRNSIDE PARK,VIC,-37.737629,145.313086,Melbourne - Outer East
3121,BURNLEY,VIC,-37.823303,145.001788,Melbourne - Inner
3121,BURNLEY NORTH,VIC,-37.826869,145.007098,Melbourne - Inner
3121,CREMORNE,VIC,-37.823303,145.001788,Melbourne - Inner
3121,RICHMOND,VIC,-37.823303,145.001788,Melbourne - Inner
3121,RICHMOND EAST,VIC,-37.823303,145.001788,Melbourne - Inner
3121,RICHMOND NORTH,VIC,-37.823303,145.001788,Melbourne - Inner
3121,RICHMOND SOUTH,VIC,-37.823303,145.001788,Melbourne - Inner
3121,VICTORIA GARDENS,VIC,-37.823303,145.001788,Melbourne - Inner
3122,AUBURN SOUTH,VIC,-37.822725,145.030602,Melbourne - Inner South
3122,GLENFERRIE SOUTH,VIC,-37.822725,145.030602,Melbourne - Inner South
3122,HAWTHORN,VIC,-37.822725,145.030602,Melbourne - Inner South
3122,HAWTHORN NORTH,VIC,-37.822725,145.030602,Melbourne - Inner South
3122,HAWTHORN WEST,VIC,-37.822725,145.030602,Melbourne - Inner South
3123,AUBURN,VIC,-37.829752,145.049415,Melbourne - Inner East
3123,HAWTHORN EAST,VIC,-37.829752,145.049415,Melbourne - Inner East
3124,CAMBERWELL,VIC,-37.840867,145.068191,Melbourne - Inner East
3124,CAMBERWELL NORTH,VIC,-37.840867,145.068191,Melbourne - Inner East
3124,CAMBERWELL SOUTH,VIC,-37.840867,145.068191,Melbourne - Inner East
3124,CAMBERWELL WEST,VIC,-37.840867,145.068191,Melbourne - Inner East
3124,HARTWELL,VIC,-37.840867,145.068191,Melbourne - Inner East
3124,MIDDLE CAMBERWELL,VIC,-37.840867,145.068191,Melbourne - Inner East
3125,BENNETTSWOOD,VIC,-37.851305,145.101,Melbourne - South East
3125,BURWOOD,VIC,-37.851305,145.101,Melbourne - South East
3125,SURREY HILLS SOUTH,VIC,-37.851305,145.101,Melbourne - South East
3126,CAMBERWELL EAST,VIC,-37.827203,145.075748,Melbourne - Inner East
3126,CANTERBURY,VIC,-37.827203,145.075748,Melbourne - Inner East
3127,MONT ALBERT,VIC,-37.825173,145.097236,Melbourne - Inner East
3127,SURREY HILLS,VIC,-37.825173,145.097236,Melbourne - Inner East
3127,SURREY HILLS NORTH,VIC,-37.825173,145.097236,Melbourne - Inner East
3128,BOX HILL,VIC,-37.828866,145.122393,Melbourne - Inner East
3128,BOX HILL CENTRAL,VIC,-37.828866,145.122393,Melbourne - Inner East
3128,BOX HILL SOUTH,VIC,-37.828866,145.122393,Melbourne - Inner East
3128,HOUSTON,VIC,-37.828866,145.122393,Melbourne - Inner East
3128,WATTLE PARK,VIC,-37.828866,145.122393,Melbourne - Inner East
3129,BOX HILL NORTH,VIC,-37.806965,145.125084,Melbourne - Inner East
3129,KERRIMUIR,VIC,-37.806965,145.125084,Melbourne - Inner East
3129,MONT ALBERT NORTH,VIC,-37.806965,145.125084,Melbourne - Inner East
3130,BLACKBURN,VIC,-37.81805,145.149653,Melbourne - Inner East
3130,BLACKBURN NORTH,VIC,-37.81805,145.149653,Melbourne - Inner East
3130,BLACKBURN SOUTH,VIC,-37.81805,145.149653,Melbourne - Inner East
3130,LABURNUM,VIC,-37.81805,145.149653,Melbourne - Inner East
3131,BRENTFORD SQUARE,VIC,-37.817798,145.174489,Melbourne - Outer East
3131,FOREST HILL,VIC,-37.817798,145.174489,Melbourne - Outer East
3131,NUNAWADING,VIC,-37.817798,145.174489,Melbourne - Outer East
3132,MITCHAM,VIC,-37.819222,145.196686,Melbourne - Outer East
3132,MITCHAM NORTH,VIC,-37.819222,145.196686,Melbourne - Outer East
3132,RANGEVIEW,VIC,-37.819222,145.196686,Melbourne - Outer East
3133,VERMONT,VIC,-37.848786,145.192303,Melbourne - Outer East
3133,VERMONT SOUTH,VIC,-37.848786,145.192303,Melbourne - Outer East
3134,HEATHWOOD,VIC,-37.823058,145.257929,Melbourne - Outer East
3134,RINGWOOD,VIC,-37.796091,145.232557,Melbourne - Outer East
3134,RINGWOOD NORTH,VIC,-37.796091,145.232557,Melbourne - Outer East
3134,WARRANDYTE SOUTH,VIC,-37.796091,145.232557,Melbourne - Outer East
3134,WARRANWOOD,VIC,-37.796091,145.232557,Melbourne - Outer East
3135,BEDFORD ROAD,VIC,-37.819594,145.248209,Melbourne - Outer East
3135,HEATHMONT,VIC,-37.819594,145.248209,Melbourne - Outer East
3135,RINGWOOD EAST,VIC,-37.819594,145.248209,Melbourne - Outer East
3136,CROYDON,VIC,-37.779876,145.282396,Melbourne - Outer East
3136,CROYDON HILLS,VIC,-37.779876,145.282396,Melbourne - Outer East
3136,CROYDON NORTH,VIC,-37.779876,145.282396,Melbourne - Outer East
3136,CROYDON SOUTH,VIC,-37.779876,145.282396,Melbourne - Outer East
3137,KILSYTH,VIC,-37.819364,145.313346,Melbourne - Outer East
3137,KILSYTH SOUTH,VIC,-37.819364,145.313346,Melbourne - Outer East
3138,MOOROOLBARK,VIC,-37.78391,145.322794,Melbourne - Outer East
3139,BEENAK,VIC,-37.814506,145.532666,Melbourne - South East
3139,DON VALLEY,VIC,-37.814506,145.532666,Melbourne - South East
3139,HODDLES CREEK,VIC,-37.814506,145.532666,Melbourne - South East
3139,LAUNCHING PLACE,VIC,-37.814506,145.532666,Melbourne - South East
3139,SEVILLE,VIC,-37.814506,145.532666,Melbourne - South East
3139,SEVILLE EAST,VIC,-37.814506,145.532666,Melbourne - South East
3139,WANDIN EAST,VIC,-37.814506,145.532666,Melbourne - South East
3139,WANDIN NORTH,VIC,-37.814506,145.532666,Melbourne - South East
3139,WOORI YALLOCK,VIC,-37.814506,145.532666,Melbourne - South East
3139,YELLINGBO,VIC,-37.814506,145.532666,Melbourne - South East
3140,LILYDALE,VIC,-37.759154,145.363185,Melbourne - Outer East
3141,CHAPEL STREET NORTH,VIC,-37.840679,144.991264,Melbourne - Inner
3141,DOMAIN ROAD PO,VIC,-37.840679,144.991264,Melbourne - Inner
3141,SOUTH YARRA,VIC,-37.840679,144.991264,Melbourne - Inner
3142,HAWKSBURN,VIC,-37.84411,145.017732,Melbourne - Inner East
3142,TOORAK,VIC,-37.84411,145.017732,Melbourne - Inner East
3143,ARMADALE,VIC,-37.858918,145.019393,Melbourne - Inner
3143,ARMADALE NORTH,VIC,-37.858918,145.019393,Melbourne - Inner
3144,KOOYONG,VIC,-37.857443,145.034127,Melbourne - Inner South
3144,MALVERN,VIC,-37.857443,145.034127,Melbourne - Inner South
3144,MALVERN NORTH,VIC,-37.857443,145.034127,Melbourne - Inner South
3145,CAULFIELD EAST,VIC,-37.873557,145.049328,Melbourne - Inner South
3145,CENTRAL PARK,VIC,-37.873557,145.049328,Melbourne - Inner South
3145,DARLING,VIC,-37.873557,145.049328,Melbourne - Inner South
3145,DARLING SOUTH,VIC,-37.873557,145.049328,Melbourne - Inner South
3145,MALVERN EAST,VIC,-37.873557,145.049328,Melbourne - Inner South
3145,WATTLETREE ROAD PO,VIC,-37.873557,145.049328,Melbourne - Inner South
3146,GLEN IRIS,VIC,-37.857116,145.057833,Melbourne - Inner South
3146,TOORONGA,VIC,-37.857116,145.057833,Melbourne - Inner South
3147,ASHBURTON,VIC,-37.867864,145.092946,Melbourne - South East
3147,ASHWOOD,VIC,-37.867864,145.092946,Melbourne - South East
3148,CHADSTONE,VIC,-37.882562,145.090149,Melbourne - South East
3148,CHADSTONE CENTRE,VIC,-37.882562,145.090149,Melbourne - South East
3148,HOLMESGLEN,VIC,-37.882562,145.090149,Melbourne - South East
3148,JORDANVILLE,VIC,-37.8736,145.112084,Melbourne - South East
3149,MOUNT WAVERLEY,VIC,-37.880748,145.128118,Melbourne - South East
3149,PINEWOOD,VIC,-37.880748,145.128118,Melbourne - South East
3149,SYNDAL,VIC,-37.880748,145.128118,Melbourne - South East
3150,BRANDON PARK,VIC,-37.914383,145.168834,Melbourne - South East
3150,GLEN WAVERLEY,VIC,-37.876968,145.170841,Melbourne - South East
3150,WHEELERS HILL,VIC,-37.876968,145.170841,Melbourne - South East
3151,BURWOOD EAST,VIC,-37.85523,145.151119,Melbourne - Inner East
3151,BURWOOD HEIGHTS,VIC,-37.85523,145.151119,Melbourne - Inner East
3152,KNOX CITY CENTRE,VIC,-37.864951,145.221695,Melbourne - Outer East
3152,STUDFIELD,VIC,-37.864951,145.221695,Melbourne - Outer East
3152,WANTIRNA,VIC,-37.864951,145.221695,Melbourne - Outer East
3152,WANTIRNA SOUTH,VIC,-37.864951,145.221695,Melbourne - Outer East
3153,BAYSWATER,VIC,-37.845116,145.270141,Melbourne - Outer East
3153,BAYSWATER NORTH,VIC,-37.845116,145.270141,Melbourne - Outer East
3154,THE BASIN,VIC,-37.856009,145.31784,Melbourne - Outer East
3155,BORONIA,VIC,-37.861799,145.284418,Melbourne - Outer East
3156,FERNTREE GULLY,VIC,-37.917932,145.292895,Melbourne - South East
3156,LYSTERFIELD,VIC,-37.917932,145.292895,Melbourne - South East
3156,LYSTERFIELD SOUTH,VIC,-37.917932,145.292895,Melbourne - South East
3156,MOUNTAIN GATE,VIC,-37.917932,145.292895,Melbourne - South East
3156,UPPER FERNTREE GULLY,VIC,-37.917932,145.292895,Melbourne - South East
3158,UPWEY,VIC,-37.910077,145.324468,Melbourne - Outer East
3159,MENZIES CREEK,VIC,-37.921894,145.3892,Melbourne - Outer East
3159,SELBY,VIC,-37.921894,145.3892,Melbourne - Outer East
3160,BELGRAVE,VIC,-37.935097,145.350821,Melbourne - Outer East
3160,BELGRAVE HEIGHTS,VIC,-37.935097,145.350821,Melbourne - Outer East
3160,BELGRAVE SOUTH,VIC,-37.935097,145.350821,Melbourne - Outer East
3160,TECOMA,VIC,-37.935097,145.350821,Melbourne - Outer East
3161,CAULFIELD JUNCTION,VIC,-37.873733,145.019929,Melbourne - Inner South
3161,CAULFIELD NORTH,VIC,-37.873733,145.019929,Melbourne - Inner South
3162,CAULFIELD,VIC,-37.892139,145.023394,Melbourne - Inner South
3162,CAULFIELD SOUTH,VIC,-37.892139,145.023394,Melbourne - Inner South
3162,HOPETOUN GARDENS,VIC,-37.892139,145.023394,Melbourne - Inner South
3163,BOORAN ROAD PO,VIC,-37.896497,145.057237,Melbourne - Inner South
3163,CARNEGIE,VIC,-37.896497,145.057237,Melbourne - Inner South
3163,GLEN HUNTLY,VIC,-37.896497,145.057237,Melbourne - Inner South
3163,MURRUMBEENA,VIC,-37.896497,145.057237,Melbourne - Inner South
3165,BENTLEIGH EAST,VIC,-37.922369,145.059426,Melbourne - Inner South
3165,COATESVILLE,VIC,-37.922369,145.059426,Melbourne - Inner South
3166,HUGHESDALE,VIC,-37.902805,145.089719,Melbourne - South East
3166,HUNTINGDALE,VIC,-37.902805,145.089719,Melbourne - South East
3166,OAKLEIGH,VIC,-37.902805,145.089719,Melbourne - South East
3166,OAKLEIGH EAST,VIC,-37.902805,145.089719,Melbourne - South East
3167,OAKLEIGH SOUTH,VIC,-37.923345,145.087614,Melbourne - South East
3168,CLAYTON,VIC,-37.91342,145.12665,Melbourne - South East
3168,NOTTING HILL,VIC,-37.91342,145.12665,Melbourne - South East
3169,CLARINDA,VIC,-37.945149,145.115271,Melbourne - South East
3169,CLAYTON SOUTH,VIC,-37.945149,145.115271,Melbourne - South East
3170,MULGRAVE,VIC,-37.920945,145.167859,Melbourne - South East
3170,WAVERLEY GARDENS,VIC,-37.920945,145.167859,Melbourne - South East
3171,SANDOWN VILLAGE,VIC,-37.944608,145.156783,Melbourne - South East
3171,SPRINGVALE,VIC,-37.944608,145.156783,Melbourne - South East
3172,DINGLEY VILLAGE,VIC,-37.975981,145.13465,Melbourne - South East
3172,SPRINGVALE SOUTH,VIC,-37.975981,145.13465,Melbourne - South East
3173,KEYSBOROUGH,VIC,-38.006771,145.164863,Melbourne - South East
3174,NOBLE PARK,VIC,-37.966218,145.17877,Melbourne - South East
3174,NOBLE PARK EAST,VIC,-37.966218,145.17877,Melbourne - South East
3174,NOBLE PARK NORTH,VIC,-37.966218,145.17877,Melbourne - South East
3175,BANGHOLME,VIC,-38.016114,145.208504,Melbourne - South East
3175,DANDENONG,VIC,-38.016114,145.208504,Melbourne - South East
3175,DANDENONG EAST,VIC,-38.016114,145.208504,Melbourne - South East
3175,DANDENONG NORTH,VIC,-38.016114,145.208504,Melbourne - South East
3175,DANDENONG SOUTH,VIC,-38.016114,145.208504,Melbourne - South East
3175,DUNEARN,VIC,-38.016114,145.208504,Melbourne - South East
3177,DOVETON,VIC,-37.990985,145.237462,Melbourne - South East
3177,EUMEMMERRING,VIC,-37.990985,145.237462,Melbourne - South East
3178,ROWVILLE,VIC,-37.924431,145.241589,Melbourne - Outer East
3179,SCORESBY,VIC,-37.897137,145.222634,Melbourne - Outer East
3180,KNOXFIELD,VIC,-37.893263,145.246731,Melbourne - Outer East
3181,PRAHRAN,VIC,-37.854683,144.995504,Melbourne - Inner
3181,PRAHRAN EAST,VIC,-37.854683,144.995504,Melbourne - Inner
3181,WINDSOR,VIC,-37.854683,144.995504,Melbourne - Inner
3182,ST KILDA,VIC,-37.865322,144.979478,Melbourne - Inner
3182,ST KILDA SOUTH,VIC,-37.865322,144.979478,Melbourne - Inner
3182,ST KILDA WEST,VIC,-37.865322,144.979478,Melbourne - Inner
3183,BALACLAVA,VIC,-37.869072,144.999026,Melbourne - Inner South
3183,ST KILDA EAST,VIC,-37.869072,144.999026,Melbourne - Inner South
3184,BRIGHTON ROAD,VIC,-37.881414,144.984034,Melbourne - Inner
3184,ELWOOD,VIC,-37.881414,144.984034,Melbourne - Inner
3185,ELSTERNWICK,VIC,-37.891841,145.002571,Melbourne - Inner South
3185,GARDENVALE,VIC,-37.891841,145.002571,Melbourne - Inner South
3185,RIPPONLEA,VIC,-37.891841,145.002571,Melbourne - Inner South
3186,BRIGHTON,VIC,-37.915066,144.996329,Melbourne - Inner South
3186,BRIGHTON NORTH,VIC,-37.915066,144.996329,Melbourne - Inner South
3186,DENDY,VIC,-37.915066,144.996329,Melbourne - Inner South
3186,WERE STREET PO,VIC,-37.915066,144.996329,Melbourne - Inner South
3187,BRIGHTON EAST,VIC,-37.925371,145.013593,Melbourne - Inner South
3187,NORTH ROAD,VIC,-37.925371,145.013593,Melbourne - Inner South
3188,HAMPTON,VIC,-37.938889,145.007238,Melbourne - Inner South
3188,HAMPTON EAST,VIC,-37.938889,145.007238,Melbourne - Inner South
3188,HAMPTON NORTH,VIC,-37.938889,145.007238,Melbourne - Inner South
3189,MOORABBIN,VIC,-37.942021,145.047802,Melbourne - Inner South
3189,MOORABBIN EAST,VIC,-37.942021,145.047802,Melbourne - Inner South
3189,WISHART,VIC,-37.942021,145.047802,Melbourne - Inner South
3190,HIGHETT,VIC,-37.951394,145.038147,Melbourne - Inner South
3191,SANDRINGHAM,VIC,-37.956585,145.013472,Melbourne - Inner South
3192,CHELTENHAM,VIC,-37.965655,145.0623,Melbourne - Inner South
3192,CHELTENHAM EAST,VIC,-37.965655,145.0623,Melbourne - Inner South
3192,CHELTENHAM NORTH,VIC,-37.965655,145.0623,Melbourne - Inner South
3192,SOUTHLAND CENTRE,VIC,-37.965655,145.0623,Melbourne - Inner South
3193,BEAUMARIS,VIC,-37.978698,145.031561,Melbourne - Inner South
3193,BLACK ROCK,VIC,-37.978698,145.031561,Melbourne - Inner South
3193,BLACK ROCK NORTH,VIC,-37.978698,145.031561,Melbourne - Inner South
3193,CROMER,VIC,-37.978698,145.031561,Melbourne - Inner South
3194,MENTONE,VIC,-37.985059,145.067356,Melbourne - Inner South
3194,MENTONE EAST,VIC,-37.985059,145.067356,Melbourne - Inner South
3194,MOORABBIN AIRPORT,VIC,-37.985059,145.067356,Melbourne - Inner South
3195,ASPENDALE,VIC,-38.007024,145.104105,Melbourne - Inner South
3195,ASPENDALE GARDENS,VIC,-38.007024,145.104105,Melbourne - Inner South
3195,BRAESIDE,VIC,-38.007024,145.104105,Melbourne - Inner South
3195,MORDIALLOC,VIC,-38.007024,145.104105,Melbourne - Inner South
3195,MORDIALLOC NORTH,VIC,-38.007024,145.104105,Melbourne - Inner South
3195,PARKDALE,VIC,-38.007024,145.104105,Melbourne - Inner South
3195,WATERWAYS,VIC,-38.007024,145.104105,Melbourne - Inner South
3196,BONBEACH,VIC,-38.046479,145.122762,Melbourne - Inner South
3196,CHELSEA,VIC,-38.046479,145.122762,Melbourne - Inner South
3196,CHELSEA HEIGHTS,VIC,-38.046479,145.122762,Melbourne - Inner South
3196,EDITHVALE,VIC,-38.046479,145.122762,Melbourne - Inner South
3197,CARRUM,VIC,-38.072748,145.134111,Mornington Peninsula
3197,PATTERSON LAKES,VIC,-38.072748,145.134111,Mornington Peninsula
3198,BELVEDERE PARK,VIC,-38.103194,145.137811,Mornington Peninsula
3198,SEAFORD,VIC,-38.103194,145.137811,Mornington Peninsula
3199,FRANKSTON,VIC,-38.162578,145.135961,Mornington Peninsula
3199,FRANKSTON EAST,VIC,-38.162578,145.135961,Mornington Peninsula
3199,FRANKSTON HEIGHTS,VIC,-38.162578,145.135961,Mornington Peninsula
3199,FRANKSTON SOUTH,VIC,-38.162578,145.135961,Mornington Peninsula
3199,KARINGAL,VIC,-38.162578,145.135961,Mornington Peninsula
3199,KARINGAL CENTRE,VIC,-38.162578,145.135961,Mornington Peninsula
3200,FRANKSTON NORTH,VIC,-38.126458,145.157574,Mornington Peninsula
3200,PINES FOREST,VIC,-38.126458,145.157574,Mornington Peninsula
3201,CARRUM DOWNS,VIC,-38.092874,145.177905,Mornington Peninsula
3202,HEATHERTON,VIC,-37.960555,145.092698,Melbourne - Inner South
3204,BENTLEIGH,VIC,-37.916956,145.036783,Melbourne - Inner South
3204,MCKINNON,VIC,-37.916956,145.036783,Melbourne - Inner South
3204,ORMOND,VIC,-37.916956,145.036783,Melbourne - Inner South
3204,PATTERSON,VIC,-37.916956,145.036783,Melbourne - Inner South
3205,SOUTH MELBOURNE,VIC,-37.831693,144.958176,Melbourne - Inner
3205,SOUTH MELBOURNE DC,VIC,-37.831693,144.958176,Melbourne - Inner
3206,ALBERT PARK,VIC,-37.846534,144.95086,Melbourne - Inner
3206,MIDDLE PARK,VIC,-37.846534,144.95086,Melbourne - Inner
3207,GARDEN CITY,VIC,-37.832179,144.918044,Melbourne - West
3207,PORT MELBOURNE,VIC,-37.832179,144.918044,Melbourne - West
3211,LITTLE RIVER,VIC,-37.943586,144.498479,Melbourne - West
3212,AVALON,VIC,-38.039958,144.422666,Geelong
3212,LARA,VIC,-38.039958,144.422666,Geelong
3212,POINT WILSON,VIC,-38.039958,144.422666,Geelong
3213,ANAKIE,VIC,-37.9406,144.2894,Warrnambool and South West
3213,BATESFORD,VIC,-38.091,144.2779,Warrnambool and South West
3213,LOVELY BANKS,VIC,-38.04070313,144.3223578,Warrnambool and South West
3213,MOORABOOL,VIC,-38.038,144.2771,Warrnambool and South West
3214,CORIO,VIC,-38.084781,144.352385,Geelong
3214,NORLANE,VIC,-38.084781,144.352385,Geelong
3214,NORTH SHORE,VIC,-38.084781,144.352385,Geelong
3215,BELL PARK,VIC,-38.111002,144.33452,Geelong
3215,BELL POST HILL,VIC,-38.111002,144.33452,Geelong
3215,DRUMCONDRA,VIC,-38.111002,144.33452,Geelong
3215,GEELONG NORTH,VIC,-38.111002,144.33452,Geelong
3215,HAMLYN HEIGHTS,VIC,-38.111002,144.33452,Geelong
3215,NORTH GEELONG,VIC,-38.111002,144.33452,Geelong
3215,RIPPLESIDE,VIC,-38.111002,144.33452,Geelong
3216,BELMONT,VIC,-38.215906,144.334005,Geelong
3216,FRESHWATER CREEK,VIC,-38.215906,144.334005,Geelong
3216,GROVEDALE,VIC,-38.215906,144.334005,Geelong
3216,GROVEDALE EAST,VIC,-38.215906,144.334005,Geelong
3216,HIGHTON,VIC,-38.215906,144.334005,Geelong
3216,MARSHALL,VIC,-38.215906,144.334005,Geelong
3216,MOUNT DUNEED,VIC,-38.215906,144.334005,Geelong
3216,WANDANA HEIGHTS,VIC,-38.215906,144.334005,Geelong
3216,WAURN PONDS,VIC,-38.215906,144.334005,Geelong
3217,ARMSTRONG CREEK,VIC,-38.23413976,144.3707843,Geelong
3217,CHARLEMONT,VIC,-38.21558906,144.3683696,Geelong
3217,DEAKIN UNIVERSITY,VIC,-37.8495,145.109,Geelong
3217,FRESHWATER CREEK,VIC,-38.27029834,144.249583,Geelong
3217,MOUNT DUNEED,VIC,-38.24983474,144.3127944,Geelong
3218,FYANSFORD,VIC,-38.13028025,144.2894883,Geelong
3218,GEELONG WEST,VIC,-38.138728,144.330986,Geelong
3218,HERNE HILL,VIC,-38.138728,144.330986,Geelong
3218,MANIFOLD HEIGHTS,VIC,-38.138728,144.330986,Geelong
3218,MURGHEBOLUC,VIC,-38.09450396,144.1418215,Geelong
3218,STONEHAVEN,VIC,-38.1220442,144.223441,Geelong
3219,BREAKWATER,VIC,-38.17277,144.389533,Geelong
3219,EAST GEELONG,VIC,-38.17277,144.389533,Geelong
3219,NEWCOMB,VIC,-38.17277,144.389533,Geelong
3219,ST ALBANS PARK,VIC,-38.17277,144.389533,Geelong
3219,THOMSON,VIC,-38.17277,144.389533,Geelong
3219,WHITTINGTON,VIC,-38.17277,144.389533,Geelong
3220,BAREENA,VIC,-38.157038,144.34652,Geelong
3220,GEELONG,VIC,-38.157038,144.34652,Geelong
3220,NEWTOWN,VIC,-38.157038,144.34652,Geelong
3220,SOUTH GEELONG,VIC,-38.157038,144.34652,Geelong
3221,ANAKIE,VIC,-38.181608,144.427419,Warrnambool and South West
3221,BARRABOOL,VIC,-38.181608,144.427419,Warrnambool and South West
3221,BATESFORD,VIC,-38.181608,144.427419,Warrnambool and South West
3221,BELLARINE,VIC,-38.181608,144.427419,Warrnambool and South West
3221,CERES,VIC,-38.181608,144.427419,Warrnambool and South West
3221,FYANSFORD,VIC,-38.181608,144.427419,Warrnambool and South West
3221,GEELONG MC,VIC,-38.181608,144.427419,Warrnambool and South West
3221,GNARWARRE,VIC,-38.181608,144.427419,Warrnambool and South West
3221,GREY RIVER,VIC,-38.181608,144.427419,Warrnambool and South West
3221,KENNETT RIVER,VIC,-38.181608,144.427419,Warrnambool and South West
3221,LOVELY BANKS,VIC,-38.181608,144.427419,Warrnambool and South West
3221,MOOLAP,VIC,-38.181608,144.427419,Warrnambool and South West
3221,MOORABOOL,VIC,-38.181608,144.427419,Warrnambool and South West
3221,MURGHEBOLUC,VIC,-38.181608,144.427419,Warrnambool and South West
3221,SEPARATION CREEK,VIC,-38.181608,144.427419,Warrnambool and South West
3221,STAUGHTON VALE,VIC,-38.181608,144.427419,Warrnambool and South West
3221,STONEHAVEN,VIC,-38.181608,144.427419,Warrnambool and South West
3221,SUGARLOAF,VIC,-38.181608,144.427419,Warrnambool and South West
3221,WALLINGTON,VIC,-38.181608,144.427419,Warrnambool and South West
3221,WONGARRA,VIC,-38.181608,144.427419,Warrnambool and South West
3221,WYE RIVER,VIC,-38.181608,144.427419,Warrnambool and South West
3222,CLIFTON SPRINGS,VIC,-38.209921,144.572989,Geelong
3222,CURLEWIS,VIC,-38.209921,144.572989,Geelong
3222,DRYSDALE,VIC,-38.209921,144.572989,Geelong
3222,MANNERIM,VIC,-38.209921,144.572989,Geelong
3222,MARCUS HILL,VIC,-38.209921,144.572989,Geelong
3222,WALLINGTON,VIC,-38.22638039,144.5118946,Geelong
3223,BELLARINE,VIC,-38.13622989,144.6217267,Geelong
3223,INDENTED HEAD,VIC,-38.147989,144.668477,Geelong
3223,PORTARLINGTON,VIC,-38.147989,144.668477,Geelong
3223,ST LEONARDS,VIC,-38.147989,144.668477,Geelong
3224,LEOPOLD,VIC,-38.202905,144.462401,Geelong
3224,MOOLAP,VIC,-38.17988326,144.4248188,Geelong
3225,POINT LONSDALE,VIC,-38.271074,144.614191,Geelong
3225,QUEENSCLIFF,VIC,-38.271074,144.614191,Geelong
3225,SWAN BAY,VIC,-38.271074,144.614191,Geelong
3225,SWAN ISLAND,VIC,-38.271074,144.614191,Geelong
3226,OCEAN GROVE,VIC,-38.263811,144.523761,Geelong
3227,BARWON HEADS,VIC,-38.263052,144.40814,Geelong
3227,BREAMLEA,VIC,-38.263052,144.40814,Geelong
3227,CONNEWARRE,VIC,-38.263052,144.40814,Geelong
3228,BELLBRAE,VIC,-38.307545,144.299978,Geelong
3228,BELLS BEACH,VIC,-38.307545,144.299978,Geelong
3228,JAN JUC,VIC,-38.307545,144.299978,Geelong
3228,TORQUAY,VIC,-38.307545,144.299978,Geelong
3230,ANGLESEA,VIC,-38.409363,144.176397,Geelong
3231,AIREYS INLET,VIC,-38.459435,144.106892,Geelong
3231,BIG HILL,VIC,-38.47820971,144.0079299,Geelong
3231,EASTERN VIEW,VIC,-38.459435,144.106892,Geelong
3231,FAIRHAVEN,VIC,-38.459435,144.106892,Geelong
3231,MOGGS CREEK,VIC,-38.459435,144.106892,Geelong
3232,BIG HILL,VIC,-38.544977,143.970167,Geelong
3232,LORNE,VIC,-38.544977,143.970167,Geelong
3233,APOLLO BAY,VIC,-38.679417,143.671777,Warrnambool and South West
3233,CAPE OTWAY,VIC,-38.679417,143.671777,Warrnambool and South West
3233,MARENGO,VIC,-38.679417,143.671777,Warrnambool and South West
3233,PETTICOAT CREEK,VIC,-38.679417,143.671777,Warrnambool and South West
3233,SKENES CREEK,VIC,-38.679417,143.671777,Warrnambool and South West
3233,SKENES CREEK NORTH,VIC,-38.679417,143.671777,Warrnambool and South West
3234,GREY RIVER,VIC,-38.6791182,143.832394,Warrnambool and South West
3234,KENNETT RIVER,VIC,-38.63847255,143.8049086,Warrnambool and South West
3234,SEPARATION CREEK,VIC,-38.58813123,143.8732037,Warrnambool and South West
3234,SUGARLOAF,VIC,-38.69,143.7961,Warrnambool and South West
3234,WONGARRA,VIC,-38.6747,143.7986,Warrnambool and South West
3234,WYE RIVER,VIC,-38.62497369,143.8493949,Warrnambool and South West
3235,BENWERRIN,VIC,-38.411964,143.924288,Warrnambool and South West
3235,BOONAH,VIC,-38.42875898,143.979689,Warrnambool and South West
3235,DEANS MARSH,VIC,-38.411964,143.924288,Warrnambool and South West
3235,PENNYROYAL,VIC,-38.411964,143.924288,Warrnambool and South West
3236,FORREST,VIC,-38.521903,143.712384,Warrnambool and South West
3236,MOUNT SABINE,VIC,-38.521903,143.712384,Warrnambool and South West
3237,AIRE VALLEY,VIC,-38.716838,143.474392,Warrnambool and South West
3237,BEECH FOREST,VIC,-38.716838,143.474392,Warrnambool and South West
3237,FERGUSON,VIC,-38.716838,143.474392,Warrnambool and South West
3237,GELLIBRAND LOWER,VIC,-38.716838,143.474392,Warrnambool and South West
3237,WATTLE HILL,VIC,-38.716838,143.474392,Warrnambool and South West
3237,WEEAPROINAH,VIC,-38.716838,143.474392,Warrnambool and South West
3237,WYELANGTA,VIC,-38.716838,143.474392,Warrnambool and South West
3237,YUULONG,VIC,-38.716838,143.474392,Warrnambool and South West
3238,GLENAIRE,VIC,-38.781787,143.429978,Warrnambool and South West
3238,HORDERN VALE,VIC,-38.781787,143.429978,Warrnambool and South West
3238,JOHANNA,VIC,-38.781787,143.429978,Warrnambool and South West
3238,LAVERS HILL,VIC,-38.781787,143.429978,Warrnambool and South West
3239,CARLISLE RIVER,VIC,-38.564014,143.448102,Warrnambool and South West
3239,CHAPPLE VALE,VIC,-38.564014,143.448102,Warrnambool and South West
3239,GELLIBRAND,VIC,-38.564014,143.448102,Warrnambool and South West
3239,KENNEDYS CREEK,VIC,-38.564014,143.448102,Warrnambool and South West
3240,BUCKLEY,VIC,-38.263005,144.174411,Geelong
3240,GHERANG,VIC,-38.263005,144.174411,Geelong
3240,MODEWARRE,VIC,-38.263005,144.174411,Geelong
3240,MORIAC,VIC,-38.263005,144.174411,Geelong
3240,MOUNT MORIAC,VIC,-38.263005,144.174411,Geelong
3240,PARAPARAP,VIC,-38.263005,144.174411,Geelong
3241,BAMBRA,VIC,-38.20363,143.892824,Warrnambool and South West
3241,OMBERSLEY,VIC,-38.20363,143.892824,Warrnambool and South West
3241,WENSLEYDALE,VIC,-38.20363,143.892824,Warrnambool and South West
3241,WINCHELSEA,VIC,-38.20363,143.892824,Warrnambool and South West
3241,WINCHELSEA SOUTH,VIC,-38.20363,143.892824,Warrnambool and South West
3241,WURDIBOLUC,VIC,-38.20363,143.892824,Warrnambool and South West
3242,BIRREGURRA,VIC,-38.346704,143.740326,Warrnambool and South West
3243,BARWON DOWNS,VIC,-38.364034,143.82588,Warrnambool and South West
3243,GERANGAMETE,VIC,-38.364034,143.82588,Warrnambool and South West
3243,MURROON,VIC,-38.364034,143.82588,Warrnambool and South West
3243,WARNCOORT,VIC,-38.364034,143.82588,Warrnambool and South West
3243,WHOOREL,VIC,-38.364034,143.82588,Warrnambool and South West
3249,ALVIE,VIC,-38.388291,143.557159,Warrnambool and South West
3249,BALINTORE,VIC,-38.388291,143.557159,Warrnambool and South West
3249,BARONGAROOK,VIC,-38.388291,143.557159,Warrnambool and South West
3249,BARONGAROOK WEST,VIC,-38.388291,143.557159,Warrnambool and South West
3249,BARRAMUNGA,VIC,-38.388291,143.557159,Warrnambool and South West
3249,CORAGULAC,VIC,-38.388291,143.557159,Warrnambool and South West
3249,CORUNNUN,VIC,-38.388291,143.557159,Warrnambool and South West
3249,DREEITE,VIC,-38.388291,143.557159,Warrnambool and South West
3249,DREEITE SOUTH,VIC,-38.388291,143.557159,Warrnambool and South West
3249,GERANGAMETE,VIC,-38.45296591,143.6947758,Warrnambool and South West
3249,IRREWARRA,VIC,-38.388291,143.557159,Warrnambool and South West
3249,IRREWILLIPE,VIC,-38.388291,143.557159,Warrnambool and South West
3249,IRREWILLIPE EAST,VIC,-38.388291,143.557159,Warrnambool and South West
3249,KAWARREN,VIC,-38.388291,143.557159,Warrnambool and South West
3249,LARPENT,VIC,-38.388291,143.557159,Warrnambool and South West
3249,NALANGIL,VIC,-38.388291,143.557159,Warrnambool and South West
3249,ONDIT,VIC,-38.388291,143.557159,Warrnambool and South West
3249,PIRRON YALLOCK,VIC,-38.388291,143.557159,Warrnambool and South West
3249,POMBORNEIT EAST,VIC,-38.388291,143.557159,Warrnambool and South West
3249,SWAN MARSH,VIC,-38.388291,143.557159,Warrnambool and South West
3249,TANYBRYN,VIC,-38.388291,143.557159,Warrnambool and South West
3249,WARRION,VIC,-38.388291,143.557159,Warrnambool and South West
3249,WOOL WOOL,VIC,-38.388291,143.557159,Warrnambool and South West
3249,YEO,VIC,-38.388291,143.557159,Warrnambool and South West
3249,YEODENE,VIC,-38.388291,143.557159,Warrnambool and South West
3250,COLAC,VIC,-38.311513,143.584742,Warrnambool and South West
3250,COLAC EAST,VIC,-38.311513,143.584742,Warrnambool and South West
3250,COLAC WEST,VIC,-38.311513,143.584742,Warrnambool and South West
3250,ELLIMINYT,VIC,-38.311513,143.584742,Warrnambool and South West
3251,BEEAC,VIC,-38.155186,143.648479,Warrnambool and South West
3251,CUNDARE,VIC,-38.146253,143.5923322,Warrnambool and South West
3251,CUNDARE NORTH,VIC,-38.155186,143.648479,Warrnambool and South West
3251,EURACK,VIC,-38.155186,143.648479,Warrnambool and South West
3251,WEERING,VIC,-38.155186,143.648479,Warrnambool and South West
3254,COROROOKE,VIC,-38.289636,143.52228,Warrnambool and South West
3260,BOOKAAR,VIC,-38.209584,143.244766,Warrnambool and South West
3260,BOSTOCKS CREEK,VIC,-38.209584,143.244766,Warrnambool and South West
3260,BUNGADOR,VIC,-38.209584,143.244766,Warrnambool and South West
3260,CAMPERDOWN,VIC,-38.209584,143.244766,Warrnambool and South West
3260,CARPENDEIT,VIC,-38.209584,143.244766,Warrnambool and South West
3260,CHOCOLYN,VIC,-38.209584,143.244766,Warrnambool and South West
3260,GNOTUK,VIC,-38.209584,143.244766,Warrnambool and South West
3260,KARIAH,VIC,-38.209584,143.244766,Warrnambool and South West
3260,KOALLAH,VIC,-38.209584,143.244766,Warrnambool and South West
3260,LESLIE MANOR,VIC,-38.209584,143.244766,Warrnambool and South West
3260,POMBORNEIT,VIC,-38.209584,143.244766,Warrnambool and South West
3260,POMBORNEIT NORTH,VIC,-38.209584,143.244766,Warrnambool and South West
3260,SKIBO,VIC,-38.209584,143.244766,Warrnambool and South West
3260,SOUTH PURRUMBETE,VIC,-38.209584,143.244766,Warrnambool and South West
3260,STONYFORD,VIC,-38.209584,143.244766,Warrnambool and South West
3260,TANDAROOK,VIC,-38.209584,143.244766,Warrnambool and South West
3260,TESBURY,VIC,-38.209584,143.244766,Warrnambool and South West
3260,WEERITE,VIC,-38.209584,143.244766,Warrnambool and South West
3264,TERANG,VIC,-38.232443,142.884394,Warrnambool and South West
3265,BOORCAN,VIC,-38.178237,142.952372,Warrnambool and South West
3265,CUDGEE,VIC,-38.178237,142.952372,Warrnambool and South West
3265,DIXIE,VIC,-38.178237,142.952372,Warrnambool and South West
3265,ECKLIN SOUTH,VIC,-38.178237,142.952372,Warrnambool and South West
3265,ELLERSLIE,VIC,-38.178237,142.952372,Warrnambool and South West
3265,FRAMLINGHAM,VIC,-38.178237,142.952372,Warrnambool and South West
3265,FRAMLINGHAM EAST,VIC,-38.178237,142.952372,Warrnambool and South West
3265,GARVOC,VIC,-38.178237,142.952372,Warrnambool and South West
3265,GLENORMISTON,VIC,-38.178237,142.952372,Warrnambool and South West
3265,GLENORMISTON NORTH,VIC,-38.178237,142.952372,Warrnambool and South West
3265,GLENORMISTON SOUTH,VIC,-38.178237,142.952372,Warrnambool and South West
3265,KOLORA,VIC,-38.178237,142.952372,Warrnambool and South West
3265,LAANG,VIC,-38.178237,142.952372,Warrnambool and South West
3265,NOORAT,VIC,-38.178237,142.952372,Warrnambool and South West
3265,NOORAT EAST,VIC,-38.178237,142.952372,Warrnambool and South West
3265,PANMURE,VIC,-38.178237,142.952372,Warrnambool and South West
3265,TAROON,VIC,-38.178237,142.952372,Warrnambool and South West
3265,THE SISTERS,VIC,-38.178237,142.952372,Warrnambool and South West
3266,BULLAHARRE,VIC,-38.407094,143.133721,Warrnambool and South West
3266,COBDEN,VIC,-38.407094,143.133721,Warrnambool and South West
3266,COBRICO,VIC,-38.407094,143.133721,Warrnambool and South West
3266,ELINGAMITE,VIC,-38.407094,143.133721,Warrnambool and South West
3266,ELINGAMITE NORTH,VIC,-38.407094,143.133721,Warrnambool and South West
3266,GLENFYNE,VIC,-38.407094,143.133721,Warrnambool and South West
3266,JANCOURT,VIC,-38.407094,143.133721,Warrnambool and South West
3266,JANCOURT EAST,VIC,-38.407094,143.133721,Warrnambool and South West
3266,NAROGHID,VIC,-38.407094,143.133721,Warrnambool and South West
3266,SIMPSON,VIC,-38.407094,143.133721,Warrnambool and South West
3267,SCOTTS CREEK,VIC,-38.466647,143.06073,Warrnambool and South West
3268,AYRFORD,VIC,-38.535802,142.908911,Warrnambool and South West
3268,BRUCKNELL,VIC,-38.535802,142.908911,Warrnambool and South West
3268,COORIEMUNGLE,VIC,-38.535802,142.908911,Warrnambool and South West
3268,COWLEYS CREEK,VIC,-38.535802,142.908911,Warrnambool and South West
3268,CURDIE VALE,VIC,-38.535802,142.908911,Warrnambool and South West
3268,CURDIES RIVER,VIC,-38.535802,142.908911,Warrnambool and South West
3268,CURDIEVALE,VIC,-38.51854992,142.8644071,Warrnambool and South West
3268,HEYTESBURY LOWER,VIC,-38.535802,142.908911,Warrnambool and South West
3268,NEWFIELD,VIC,-38.535802,142.908911,Warrnambool and South West
3268,NIRRANDA,VIC,-38.535802,142.908911,Warrnambool and South West
3268,NIRRANDA EAST,VIC,-38.535802,142.908911,Warrnambool and South West
3268,NIRRANDA SOUTH,VIC,-38.535802,142.908911,Warrnambool and South West
3268,NULLAWARRE,VIC,-38.535802,142.908911,Warrnambool and South West
3268,NULLAWARRE EAST,VIC,-38.535802,142.908911,Warrnambool and South West
3268,NULLAWARRE NORTH,VIC,-38.43795764,142.7964155,Warrnambool and South West
3268,PAARATTE,VIC,-38.535802,142.908911,Warrnambool and South West
3268,THE COVE,VIC,-38.535802,142.908911,Warrnambool and South West
3268,TIMBOON,VIC,-38.535802,142.908911,Warrnambool and South West
3268,TIMBOON WEST,VIC,-38.535802,142.908911,Warrnambool and South West
3269,PORT CAMPBELL,VIC,-38.660637,143.177116,Warrnambool and South West
3269,PRINCETOWN,VIC,-38.660637,143.177116,Warrnambool and South West
3269,WAARRE,VIC,-38.660637,143.177116,Warrnambool and South West
3270,PETERBOROUGH,VIC,-38.602117,142.870164,Warrnambool and South West
3271,DARLINGTON,VIC,-37.888549,142.98753,Warrnambool and South West
3271,DUNDONNELL,VIC,-37.888549,142.98753,Warrnambool and South West
3271,PURA PURA,VIC,-37.888549,142.98753,Warrnambool and South West
3272,MORTLAKE,VIC,-37.982186,142.853634,Warrnambool and South West
3272,WOORNDOO,VIC,-37.982186,142.853634,Warrnambool and South West
3273,HEXHAM,VIC,-37.981249,142.660643,Warrnambool and South West
3274,CARAMUT,VIC,-37.960778,142.478612,Warrnambool and South West
3275,MAILER FLAT,VIC,-38.301794,142.457611,Warrnambool and South West
3275,MAILORS FLAT,VIC,-38.301794,142.457611,Warrnambool and South West
3276,MINJAH,VIC,-38.0538178,142.481806,Warrnambool and South West
3276,WOOLSTHORPE,VIC,-38.180923,142.409105,Warrnambool and South West
3277,ALLANSFORD,VIC,-38.389835,142.660221,Warrnambool and South West
3277,MEPUNGA,VIC,-38.389835,142.660221,Warrnambool and South West
3277,MEPUNGA EAST,VIC,-38.389835,142.660221,Warrnambool and South West
3277,MEPUNGA WEST,VIC,-38.389835,142.660221,Warrnambool and South West
3277,NARINGAL,VIC,-38.389835,142.660221,Warrnambool and South West
3277,NARINGAL EAST,VIC,-38.389835,142.660221,Warrnambool and South West
3278,PURNIM,VIC,-38.278013,142.624719,Warrnambool and South West
3278,PURNIM WEST,VIC,-38.29668931,142.554533,Warrnambool and South West
3279,BALLANGEICH,VIC,-38.214555,142.657483,Warrnambool and South West
3279,WANGOOM,VIC,-38.214555,142.657483,Warrnambool and South West
3280,DENNINGTON,VIC,-38.37884,142.482889,Warrnambool and South West
3280,MINJAH,VIC,-38.37884,142.482889,Warrnambool and South West
3280,WARRNAMBOOL,VIC,-38.37884,142.482889,Warrnambool and South West
3280,WARRNAMBOOL EAST,VIC,-38.37884,142.482889,Warrnambool and South West
3280,WARRNAMBOOL WEST,VIC,-38.37884,142.482889,Warrnambool and South West
3281,BUSHFIELD,VIC,-38.254454,142.630109,Warrnambool and South West
3281,GRASSMERE,VIC,-38.254454,142.630109,Warrnambool and South West
3281,WINSLOW,VIC,-38.254454,142.630109,Warrnambool and South West
3281,WOODFORD,VIC,-38.254454,142.630109,Warrnambool and South West
3282,ILLOWA,VIC,-38.268176,142.351658,Warrnambool and South West
3282,KOROIT,VIC,-38.268176,142.351658,Warrnambool and South West
3283,CROSSLEY,VIC,-38.313434,142.328761,Warrnambool and South West
3283,KILLARNEY,VIC,-38.313434,142.328761,Warrnambool and South West
3283,KIRKSTALL,VIC,-38.313434,142.328761,Warrnambool and South West
3283,SOUTHERN CROSS,VIC,-38.313434,142.328761,Warrnambool and South West
3283,TARRONE,VIC,-38.313434,142.328761,Warrnambool and South West
3283,TOWER HILL,VIC,-38.313434,142.328761,Warrnambool and South West
3283,WARRONG,VIC,-38.313434,142.328761,Warrnambool and South West
3283,WILLATOOK,VIC,-38.313434,142.328761,Warrnambool and South West
3283,YANGERY,VIC,-38.313434,142.328761,Warrnambool and South West
3283,YARPTURK,VIC,-38.313434,142.328761,Warrnambool and South West
3284,ORFORD,VIC,-38.270398,142.119266,Warrnambool and South West
3284,PORT FAIRY,VIC,-38.270398,142.119266,Warrnambool and South West
3285,CODRINGTON,VIC,-38.290199,142.058916,Warrnambool and South West
3285,NARRAWONG,VIC,-38.290199,142.058916,Warrnambool and South West
3285,ROSEBROOK,VIC,-38.290199,142.058916,Warrnambool and South West
3285,ST HELENS,VIC,-38.290199,142.058916,Warrnambool and South West
3285,TOOLONG,VIC,-38.290199,142.058916,Warrnambool and South West
3285,TYRENDARRA,VIC,-38.290199,142.058916,Warrnambool and South West
3285,TYRENDARRA EAST,VIC,-38.290199,142.058916,Warrnambool and South West
3285,YAMBUK,VIC,-38.290199,142.058916,Warrnambool and South West
3286,CONDAH SWAMP,VIC,-37.9711005,141.8361176,Warrnambool and South West
3286,KNEBSWORTH,VIC,-38.036038,141.963223,Warrnambool and South West
3286,MACARTHUR,VIC,-38.036038,141.963223,Warrnambool and South West
3286,RIPPONHURST,VIC,-38.036038,141.963223,Warrnambool and South West
3286,WARRABKOOK,VIC,-37.98614494,142.0716061,Warrnambool and South West
3287,HAWKESDALE,VIC,-38.059868,142.31953,Warrnambool and South West
3287,MINHAMITE,VIC,-38.059868,142.31953,Warrnambool and South West
3289,GAZETTE,VIC,-37.893196,142.227754,Warrnambool and South West
3289,GERRIGERRUP,VIC,-37.99193127,142.1980995,Warrnambool and South West
3289,PENSHURST,VIC,-37.893196,142.227754,Warrnambool and South West
3289,PURDEET,VIC,-37.893196,142.227754,Warrnambool and South West
3289,TABOR,VIC,-37.893196,142.227754,Warrnambool and South West
3293,GLENTHOMPSON,VIC,-37.655945,142.527253,Warrnambool and South West
3293,NAREEB,VIC,-37.655945,142.527253,Warrnambool and South West
3293,NARRAPUMELAP SOUTH,VIC,-37.655945,142.527253,Warrnambool and South West
3294,DUNKELD,VIC,-37.573978,142.312764,Warrnambool and South West
3294,KARABEAL,VIC,-37.573978,142.312764,Warrnambool and South West
3294,MIRRANATWA,VIC,-37.573978,142.312764,Warrnambool and South West
3294,MOUTAJUP,VIC,-37.573978,142.312764,Warrnambool and South West
3294,VICTORIA POINT,VIC,-37.573978,142.312764,Warrnambool and South West
3294,VICTORIA VALLEY,VIC,-37.573978,142.312764,Warrnambool and South West
3294,WOODHOUSE,VIC,-37.573978,142.312764,Warrnambool and South West
3300,BYADUK NORTH,VIC,-37.743155,142.013356,Warrnambool and South West
3300,HAMILTON,VIC,-37.743155,142.013356,Warrnambool and South West
3301,BOCHARA,VIC,-38.118855,142.034141,Warrnambool and South West
3301,BROADWATER,VIC,-38.118855,142.034141,Warrnambool and South West
3301,BUCKLEY SWAMP,VIC,-38.118855,142.034141,Warrnambool and South West
3301,BYADUK,VIC,-38.118855,142.034141,Warrnambool and South West
3301,CROXTON EAST,VIC,-38.118855,142.034141,Warrnambool and South West
3301,HENSLEY PARK,VIC,-38.118855,142.034141,Warrnambool and South West
3301,MORGIANA,VIC,-38.118855,142.034141,Warrnambool and South West
3301,MOUNT NAPIER,VIC,-38.118855,142.034141,Warrnambool and South West
3301,STRATHKELLAR,VIC,-38.118855,142.034141,Warrnambool and South West
3301,TAHARA,VIC,-38.118855,142.034141,Warrnambool and South West
3301,TARRINGTON,VIC,-38.118855,142.034141,Warrnambool and South West
3301,WANNON,VIC,-38.118855,142.034141,Warrnambool and South West
3301,WARRAYURE,VIC,-38.118855,142.034141,Warrnambool and South West
3301,YATCHAW,VIC,-38.118855,142.034141,Warrnambool and South West
3301,YULECART,VIC,-38.118855,142.034141,Warrnambool and South West
3302,BRANXHOLME,VIC,-37.847981,141.706379,Warrnambool and South West
3302,GRASSDALE,VIC,-37.847981,141.706379,Warrnambool and South West
3303,BREAKAWAY CREEK,VIC,-37.980868,141.789606,Warrnambool and South West
3303,CONDAH,VIC,-37.980868,141.789606,Warrnambool and South West
3303,CONDAH SWAMP,VIC,-37.980868,141.789606,Warrnambool and South West
3303,HOTSPUR,VIC,-37.980868,141.789606,Warrnambool and South West
3303,LAKE CONDAH,VIC,-37.980868,141.789606,Warrnambool and South West
3303,WALLACEDALE,VIC,-37.980868,141.789606,Warrnambool and South West
3304,BESSIEBELLE,VIC,-38.182084,141.952156,Warrnambool and South West
3304,DARTMOOR,VIC,-38.182084,141.952156,Warrnambool and South West
3304,DRIK DRIK,VIC,-38.182084,141.952156,Warrnambool and South West
3304,DRUMBORG,VIC,-38.182084,141.952156,Warrnambool and South West
3304,GREENWALD,VIC,-38.182084,141.952156,Warrnambool and South West
3304,HEYWOOD,VIC,-38.182084,141.952156,Warrnambool and South West
3304,HOMERTON,VIC,-38.182084,141.952156,Warrnambool and South West
3304,LYONS,VIC,-38.182084,141.952156,Warrnambool and South West
3304,MILLTOWN,VIC,-38.182084,141.952156,Warrnambool and South West
3304,MUMBANNAR,VIC,-38.182084,141.952156,Warrnambool and South West
3304,MYAMYN,VIC,-38.182084,141.952156,Warrnambool and South West
3304,WINNAP,VIC,-38.182084,141.952156,Warrnambool and South West
3305,ALLESTREE,VIC,-38.235475,141.437227,Warrnambool and South West
3305,BOLWARRA,VIC,-38.235475,141.437227,Warrnambool and South West
3305,CAPE BRIDGEWATER,VIC,-38.235475,141.437227,Warrnambool and South West
3305,CASHMORE,VIC,-38.235475,141.437227,Warrnambool and South West
3305,DUTTON WAY,VIC,-38.235475,141.437227,Warrnambool and South West
3305,GORAE,VIC,-38.235475,141.437227,Warrnambool and South West
3305,GORAE WEST,VIC,-38.235475,141.437227,Warrnambool and South West
3305,HEATHMERE,VIC,-38.235475,141.437227,Warrnambool and South West
3305,MOUNT RICHMOND,VIC,-38.235475,141.437227,Warrnambool and South West
3305,PORTLAND,VIC,-38.235475,141.437227,Warrnambool and South West
3305,PORTLAND NORTH,VIC,-38.235475,141.437227,Warrnambool and South West
3305,PORTLAND WEST,VIC,-38.235475,141.437227,Warrnambool and South West
3309,DIGBY,VIC,-37.82644,141.511007,Warrnambool and South West
3310,MERINO,VIC,-37.70789,141.549163,Warrnambool and South West
3310,TAHARA WEST,VIC,-37.70789,141.549163,Warrnambool and South West
3314,BULART,VIC,-37.586718,141.935665,Warrnambool and South West
3314,CAVENDISH,VIC,-37.586718,141.935665,Warrnambool and South West
3314,GLENISLA,VIC,-37.586718,141.935665,Warrnambool and South West
3314,GRAMPIANS,VIC,-37.34896421,142.329907,Warrnambool and South West
3314,MOORALLA,VIC,-37.586718,141.935665,Warrnambool and South West
3314,WOOHLPOOER,VIC,-37.586718,141.935665,Warrnambool and South West
3315,BRIT BRIT,VIC,-37.408371,141.687516,Warrnambool and South West
3315,CLOVER FLAT,VIC,-37.408371,141.687516,Warrnambool and South West
3315,COLERAINE,VIC,-37.408371,141.687516,Warrnambool and South West
3315,COOJAR,VIC,-37.408371,141.687516,Warrnambool and South West
3315,CULLA,VIC,-37.408371,141.687516,Warrnambool and South West
3315,GRINGEGALGONA,VIC,-37.408371,141.687516,Warrnambool and South West
3315,GRITJURK,VIC,-37.408371,141.687516,Warrnambool and South West
3315,HILGAY,VIC,-37.408371,141.687516,Warrnambool and South West
3315,KONONGWOOTONG,VIC,-37.408371,141.687516,Warrnambool and South West
3315,MELVILLE FOREST,VIC,-37.408371,141.687516,Warrnambool and South West
3315,MUNTHAM,VIC,-37.5733696,141.5443271,Warrnambool and South West
3315,NAREEN,VIC,-37.408371,141.687516,Warrnambool and South West
3315,PARKWOOD,VIC,-37.408371,141.687516,Warrnambool and South West
3315,PASCHENDALE,VIC,-37.408371,141.687516,Warrnambool and South West
3315,TAHARA BRIDGE,VIC,-37.408371,141.687516,Warrnambool and South West
3315,TARRAYOUKYAN,VIC,-37.408371,141.687516,Warrnambool and South West
3315,TARRENLEA,VIC,-37.408371,141.687516,Warrnambool and South West
3315,WOOTONG VALE,VIC,-37.408371,141.687516,Warrnambool and South West
3321,HESSE,VIC,-38.087758,143.88056,Warrnambool and South West
3321,INVERLEIGH,VIC,-38.087758,143.88056,Warrnambool and South West
3321,WINGEEL,VIC,-38.087758,143.88056,Warrnambool and South West
3322,CRESSY,VIC,-38.021333,143.743305,Warrnambool and South West
3323,BERRYBANK,VIC,-38.026314,143.520934,Warrnambool and South West
3323,DUVERNEY,VIC,-38.026314,143.520934,Warrnambool and South West
3323,FOXHOW,VIC,-38.026314,143.520934,Warrnambool and South West
3324,LISMORE,VIC,-37.941939,143.375414,Warrnambool and South West
3324,MINGAY,VIC,-37.941939,143.375414,Warrnambool and South West
3324,MOUNT BUTE,VIC,-37.941939,143.375414,Warrnambool and South West
3325,DERRINALLUM,VIC,-37.877452,143.185911,Warrnambool and South West
3325,LARRALEA,VIC,-37.877452,143.185911,Warrnambool and South West
3325,VITE VITE,VIC,-37.877452,143.185911,Warrnambool and South West
3325,VITE VITE NORTH,VIC,-37.877452,143.185911,Warrnambool and South West
3328,TEESDALE,VIC,-38.018664,144.043058,Geelong
3329,BARUNAH PARK,VIC,-37.983701,143.908716,Warrnambool and South West
3329,BARUNAH PLAINS,VIC,-38.04453757,143.7726902,Warrnambool and South West
3329,SHELFORD,VIC,-37.983701,143.908716,Warrnambool and South West
3330,ROKEWOOD,VIC,-37.918437,143.758576,Geelong
3331,BANNOCKBURN,VIC,-38.049195,144.194625,Geelong
3331,GHERINGHAP,VIC,-38.049195,144.194625,Geelong
3331,MAUDE,VIC,-38.049195,144.194625,Geelong
3331,RUSSELLS BRIDGE,VIC,-38.049195,144.194625,Geelong
3331,SHE OAKS,VIC,-38.049195,144.194625,Geelong
3331,STEIGLITZ,VIC,-38.049195,144.194625,Geelong
3331,SUTHERLANDS CREEK,VIC,-38.049195,144.194625,Geelong
3332,LETHBRIDGE,VIC,-37.944446,144.097178,Geelong
3333,BAMGANIE,VIC,-37.87179,144.04476,Geelong
3333,MEREDITH,VIC,-37.87179,144.04476,Geelong
3334,BUNGAL,VIC,-37.75803,144.086089,Geelong
3334,CARGERIE,VIC,-37.75803,144.086089,Geelong
3334,ELAINE,VIC,-37.75803,144.086089,Geelong
3334,MORRISONS,VIC,-37.75803,144.086089,Geelong
3334,MOUNT DORAN,VIC,-37.75803,144.086089,Geelong
3335,BONNIE BROOK,VIC,-37.69608887,144.6698898,Melbourne - West
3335,GRANGEFIELDS,VIC,-37.7069003,144.6393305,Melbourne - West
3335,PLUMPTON,VIC,-37.724141,144.699671,Melbourne - West
3335,ROCKBANK,VIC,-37.724141,144.699671,Melbourne - West
3335,THORNHILL PARK,VIC,-37.73029166,144.624896,Melbourne - West
3336,AINTREE,VIC,-37.719,144.6684,
3336,DEANSIDE,VIC,-37.7332,144.7041,
3336,FRASER RISE,VIC,-37.70482231,144.7126219,
3337,HARKNESS,VIC,-37.65724033,144.5462424,Melbourne - West
3337,KURUNJANG,VIC,-37.656057,144.571458,Melbourne - West
3337,MELTON,VIC,-37.656057,144.571458,Melbourne - West
3337,MELTON WEST,VIC,-37.656057,144.571458,Melbourne - West
3337,TOOLERN VALE,VIC,-37.656057,144.571458,Melbourne - West
3338,BROOKFIELD,VIC,-37.705529,144.571033,Melbourne - West
3338,COBBLEBANK,VIC,-37.70732038,144.6008548,Melbourne - West
3338,EXFORD,VIC,-37.705529,144.571033,Melbourne - West
3338,EYNESBURY,VIC,-37.705529,144.571033,Melbourne - West
3338,MELTON SOUTH,VIC,-37.705529,144.571033,Melbourne - West
3338,STRATHTULLOH,VIC,-37.73398997,144.5969094,Melbourne - West
3338,WEIR VIEWS,VIC,-37.72870467,144.5683367,Melbourne - West
3340,BACCHUS MARSH,VIC,-37.787135,144.394442,Melbourne - West
3340,BALLIANG,VIC,-37.787135,144.394442,Melbourne - West
3340,BALLIANG EAST,VIC,-37.787135,144.394442,Melbourne - West
3340,COIMADAI,VIC,-37.787135,144.394442,Melbourne - West
3340,DARLEY,VIC,-37.787135,144.394442,Melbourne - West
3340,GLENMORE,VIC,-37.787135,144.394442,Melbourne - West
3340,HOPETOUN PARK,VIC,-37.787135,144.394442,Melbourne - West
3340,LONG FOREST,VIC,-37.787135,144.394442,Melbourne - West
3340,MADDINGLEY,VIC,-37.787135,144.394442,Melbourne - West
3340,MERRIMU,VIC,-37.787135,144.394442,Melbourne - West
3340,PARWAN,VIC,-37.787135,144.394442,Melbourne - West
3340,ROWSLEY,VIC,-37.787135,144.394442,Melbourne - West
3340,STAUGHTON VALE,VIC,-37.84038931,144.2550519,Melbourne - West
3341,DALES CREEK,VIC,-37.573711,144.308232,Melbourne - West
3341,GREENDALE,VIC,-37.573711,144.308232,Melbourne - West
3341,KOROBEIT,VIC,-37.573711,144.308232,Melbourne - West
3341,MYRNIONG,VIC,-37.573711,144.308232,Melbourne - West
3341,PENTLAND HILLS,VIC,-37.573711,144.308232,Melbourne - West
3342,BALLAN,VIC,-37.651463,144.239102,Geelong
3342,BEREMBOKE,VIC,-37.651463,144.239102,Geelong
3342,BLAKEVILLE,VIC,-37.651463,144.239102,Geelong
3342,BUNDING,VIC,-37.651463,144.239102,Geelong
3342,COLBROOK,VIC,-37.651463,144.239102,Geelong
3342,DURDIDWARRAH,VIC,-37.651463,144.239102,Geelong
3342,FISKVILLE,VIC,-37.651463,144.239102,Geelong
3342,INGLISTON,VIC,-37.651463,144.239102,Geelong
3342,MOUNT WALLACE,VIC,-37.651463,144.239102,Geelong
3345,GORDON,VIC,-37.5878,144.123664,Ballarat
3350,ALFREDTON,VIC,-37.571941,143.864505,Ballarat
3350,BAKERY HILL,VIC,-37.571941,143.864505,Ballarat
3350,BALLARAT,VIC,-37.571941,143.864505,Ballarat
3350,BALLARAT CENTRAL,VIC,-37.571941,143.864505,Ballarat
3350,BALLARAT EAST,VIC,-37.571941,143.864505,Ballarat
3350,BALLARAT NORTH,VIC,-37.571941,143.864505,Ballarat
3350,BALLARAT WEST,VIC,-37.571941,143.864505,Ballarat
3350,BLACK HILL,VIC,-37.571941,143.864505,Ballarat
3350,BROWN HILL,VIC,-37.571941,143.864505,Ballarat
3350,CANADIAN,VIC,-37.571941,143.864505,Ballarat
3350,EUREKA,VIC,-37.571941,143.864505,Ballarat
3350,GOLDEN POINT,VIC,-37.571941,143.864505,Ballarat
3350,INVERMAY PARK,VIC,-37.571941,143.864505,Ballarat
3350,LAKE WENDOUREE,VIC,-37.571941,143.864505,Ballarat
3350,LUCAS,VIC,-37.55411084,143.769084,Ballarat
3350,MOUNT CLEAR,VIC,-37.571941,143.864505,Ballarat
3350,MOUNT HELEN,VIC,-37.571941,143.864505,Ballarat
3350,MOUNT PLEASANT,VIC,-37.571941,143.864505,Ballarat
3350,NERRINA,VIC,-37.571941,143.864505,Ballarat
3350,NEWINGTON,VIC,-37.571941,143.864505,Ballarat
3350,REDAN,VIC,-37.571941,143.864505,Ballarat
3350,SOLDIERS HILL,VIC,-37.571941,143.864505,Ballarat
3350,SOVEREIGN HILL,VIC,-37.571941,143.864505,Ballarat
3351,BERRINGA,VIC,-37.758248,143.637463,Warrnambool and South West
3351,BO PEEP,VIC,-37.758248,143.637463,Warrnambool and South West
3351,CAPE CLEAR,VIC,-37.758248,143.637463,Warrnambool and South West
3351,CARNGHAM,VIC,-37.758248,143.637463,Warrnambool and South West
3351,CHEPSTOWE,VIC,-37.758248,143.637463,Warrnambool and South West
3351,HADDON,VIC,-37.758248,143.637463,Warrnambool and South West
3351,HAPPY VALLEY,VIC,-37.758248,143.637463,Warrnambool and South West
3351,HILLCREST,VIC,-37.758248,143.637463,Warrnambool and South West
3351,ILLABAROOK,VIC,-37.758248,143.637463,Warrnambool and South West
3351,LAKE BOLAC,VIC,-37.758248,143.637463,Warrnambool and South West
3351,MININERA,VIC,-37.758248,143.637463,Warrnambool and South West
3351,MORTCHUP,VIC,-37.758248,143.637463,Warrnambool and South West
3351,MOUNT EMU,VIC,-37.758248,143.637463,Warrnambool and South West
3351,NERRIN NERRIN,VIC,-37.758248,143.637463,Warrnambool and South West
3351,NEWTOWN,VIC,-37.758248,143.637463,Warrnambool and South West
3351,NINTINGBOOL,VIC,-37.758248,143.637463,Warrnambool and South West
3351,PIGGOREET,VIC,-37.758248,143.637463,Warrnambool and South West
3351,PITFIELD,VIC,-37.758248,143.637463,Warrnambool and South West
3351,ROKEWOOD JUNCTION,VIC,-37.758248,143.637463,Warrnambool and South West
3351,ROSS CREEK,VIC,-37.758248,143.637463,Warrnambool and South West
3351,SCARSDALE,VIC,-37.758248,143.637463,Warrnambool and South West
3351,SMYTHES CREEK,VIC,-37.758248,143.637463,Warrnambool and South West
3351,SMYTHESDALE,VIC,-37.758248,143.637463,Warrnambool and South West
3351,SNAKE VALLEY,VIC,-37.758248,143.637463,Warrnambool and South West
3351,SPRINGDALLAH,VIC,-37.758248,143.637463,Warrnambool and South West
3351,STAFFORDSHIRE REEF,VIC,-37.758248,143.637463,Warrnambool and South West
3351,STREATHAM,VIC,-37.758248,143.637463,Warrnambool and South West
3351,WALLINDUC,VIC,-37.758248,143.637463,Warrnambool and South West
3351,WESTMERE,VIC,-37.758248,143.637463,Warrnambool and South West
3352,ADDINGTON,VIC,-37.482132,143.662387,Warrnambool and South West
3352,BALLARAT ROADSIDE DELIVERY,VIC,-37.482132,143.662387,Warrnambool and South West
3352,BARKSTEAD,VIC,-37.482132,143.662387,Warrnambool and South West
3352,BLOWHARD,VIC,-37.482132,143.662387,Warrnambool and South West
3352,BOLWARRAH,VIC,-37.482132,143.662387,Warrnambool and South West
3352,BONSHAW,VIC,-37.60335408,143.813696,Warrnambool and South West
3352,BREWSTER,VIC,-37.482132,143.662387,Warrnambool and South West
3352,BULLAROOK,VIC,-37.482132,143.662387,Warrnambool and South West
3352,BUNGAREE,VIC,-37.482132,143.662387,Warrnambool and South West
3352,BUNKERS HILL,VIC,-37.482132,143.662387,Warrnambool and South West
3352,BURRUMBEET,VIC,-37.482132,143.662387,Warrnambool and South West
3352,CAMBRIAN HILL,VIC,-37.482132,143.662387,Warrnambool and South West
3352,CARDIGAN,VIC,-37.482132,143.662387,Warrnambool and South West
3352,CARDIGAN VILLAGE,VIC,-37.482132,143.662387,Warrnambool and South West
3352,CHAPEL FLAT,VIC,-37.482132,143.662387,Warrnambool and South West
3352,CLARENDON,VIC,-37.482132,143.662387,Warrnambool and South West
3352,CLARETOWN,VIC,-37.482132,143.662387,Warrnambool and South West
3352,CLARKES HILL,VIC,-37.482132,143.662387,Warrnambool and South West
3352,CORINDHAP,VIC,-37.482132,143.662387,Warrnambool and South West
3352,DEAN,VIC,-37.482132,143.662387,Warrnambool and South West
3352,DEREEL,VIC,-37.482132,143.662387,Warrnambool and South West
3352,DUNNSTOWN,VIC,-37.482132,143.662387,Warrnambool and South West
3352,DURHAM LEAD,VIC,-37.482132,143.662387,Warrnambool and South West
3352,ENFIELD,VIC,-37.482132,143.662387,Warrnambool and South West
3352,ERCILDOUNE,VIC,-37.482132,143.662387,Warrnambool and South West
3352,GARIBALDI,VIC,-37.482132,143.662387,Warrnambool and South West
3352,GLEN PARK,VIC,-37.482132,143.662387,Warrnambool and South West
3352,GLENBRAE,VIC,-37.482132,143.662387,Warrnambool and South West
3352,GONG GONG,VIC,-37.482132,143.662387,Warrnambool and South West
3352,GRENVILLE,VIC,-37.482132,143.662387,Warrnambool and South West
3352,INVERMAY,VIC,-37.482132,143.662387,Warrnambool and South West
3352,LAL LAL,VIC,-37.482132,143.662387,Warrnambool and South West
3352,LAMPLOUGH,VIC,-37.482132,143.662387,Warrnambool and South West
3352,LANGI KAL KAL,VIC,-37.482132,143.662387,Warrnambool and South West
3352,LEARMONTH,VIC,-37.482132,143.662387,Warrnambool and South West
3352,LEIGH CREEK,VIC,-37.482132,143.662387,Warrnambool and South West
3352,LEXTON,VIC,-37.482132,143.662387,Warrnambool and South West
3352,MAGPIE,VIC,-37.482132,143.662387,Warrnambool and South West
3352,MILLBROOK,VIC,-37.482132,143.662387,Warrnambool and South West
3352,MINERS REST,VIC,-37.482132,143.662387,Warrnambool and South West
3352,MITCHELL PARK,VIC,-37.482132,143.662387,Warrnambool and South West
3352,MOLLONGGHIP,VIC,-37.482132,143.662387,Warrnambool and South West
3352,MOUNT BOLTON,VIC,-37.482132,143.662387,Warrnambool and South West
3352,MOUNT EGERTON,VIC,-37.482132,143.662387,Warrnambool and South West
3352,MOUNT MERCER,VIC,-37.482132,143.662387,Warrnambool and South West
3352,MOUNT MITCHELL,VIC,-37.482132,143.662387,Warrnambool and South West
3352,MOUNT ROWAN,VIC,-37.482132,143.662387,Warrnambool and South West
3352,NAPOLEONS,VIC,-37.482132,143.662387,Warrnambool and South West
3352,NAVIGATORS,VIC,-37.482132,143.662387,Warrnambool and South West
3352,POOTILLA,VIC,-37.482132,143.662387,Warrnambool and South West
3352,SCOTCHMANS LEAD,VIC,-37.482132,143.662387,Warrnambool and South West
3352,SCOTSBURN,VIC,-37.482132,143.662387,Warrnambool and South West
3352,SPRINGBANK,VIC,-37.482132,143.662387,Warrnambool and South West
3352,SULKY,VIC,-37.482132,143.662387,Warrnambool and South West
3352,WALLACE,VIC,-37.482132,143.662387,Warrnambool and South West
3352,WARRENHEIP,VIC,-37.482132,143.662387,Warrnambool and South West
3352,WATTLE FLAT,VIC,-37.482132,143.662387,Warrnambool and South West
3352,WAUBRA,VIC,-37.482132,143.662387,Warrnambool and South West
3352,WEATHERBOARD,VIC,-37.482132,143.662387,Warrnambool and South West
3352,WERNETH,VIC,-37.482132,143.662387,Warrnambool and South West
3352,WINDERMERE,VIC,-37.482132,143.662387,Warrnambool and South West
3352,YENDON,VIC,-37.482132,143.662387,Warrnambool and South West
3355,LAKE GARDENS,VIC,-37.530285,143.82561,Ballarat
3355,MITCHELL PARK,VIC,-37.530285,143.82561,Ballarat
3355,WENDOUREE,VIC,-37.530285,143.82561,Ballarat
3355,WENDOUREE VILLAGE,VIC,-37.530285,143.82561,Ballarat
3356,BONSHAW,VIC,-37.592283,143.82846,Ballarat
3356,DELACOMBE,VIC,-37.592283,143.82846,Ballarat
3356,SEBASTOPOL,VIC,-37.592283,143.82846,Ballarat
3357,BUNINYONG,VIC,-37.653945,143.883416,Ballarat
3357,SCOTSMANS LEAD,VIC,-37.653945,143.883416,Ballarat
3357,YARROWEE,VIC,-37.653945,143.883416,Ballarat
3358,WINTER VALLEY,VIC,-37.58012926,143.7928013,
3360,HAPPY VALLEY,VIC,-37.72758817,143.5955266,Warrnambool and South West
3360,LINTON,VIC,-37.779677,143.51253,Warrnambool and South West
3360,MANNIBADAR,VIC,-37.779677,143.51253,Warrnambool and South West
3360,PITTONG,VIC,-37.779677,143.51253,Warrnambool and South West
3360,WILLOWVALE,VIC,-37.779677,143.51253,Warrnambool and South West
3361,BRADVALE,VIC,-37.752643,143.373089,Warrnambool and South West
3361,CARRANBALLAC,VIC,-37.752643,143.373089,Warrnambool and South West
3361,SKIPTON,VIC,-37.752643,143.373089,Warrnambool and South West
3363,CRESWICK,VIC,-37.420588,143.88637,Ballarat
3363,CRESWICK NORTH,VIC,-37.420588,143.88637,Ballarat
3363,DEAN,VIC,-37.45543067,143.9835358,Ballarat
3363,GLENDARUEL,VIC,-37.420588,143.88637,Ballarat
3363,LANGDONS HILL,VIC,-37.420588,143.88637,Ballarat
3363,MOUNT BECKWORTH,VIC,-37.420588,143.88637,Ballarat
3363,TOURELLO,VIC,-37.420588,143.88637,Ballarat
3364,ALLENDALE,VIC,-37.334655,143.907186,Bendigo
3364,ASCOT,VIC,-37.334655,143.907186,Bendigo
3364,BALD HILLS,VIC,-37.334655,143.907186,Bendigo
3364,BARKSTEAD,VIC,-37.47880506,144.0999652,Bendigo
3364,BLAMPIED,VIC,-37.334655,143.907186,Bendigo
3364,BROOMFIELD,VIC,-37.334655,143.907186,Bendigo
3364,CABBAGE TREE,VIC,-37.334655,143.907186,Bendigo
3364,CAMPBELLTOWN,VIC,-37.334655,143.907186,Bendigo
3364,COGHILLS CREEK,VIC,-37.334655,143.907186,Bendigo
3364,GLENDONALD,VIC,-37.36045587,143.8443538,Bendigo
3364,GLENDONNELL,VIC,-37.334655,143.907186,Bendigo
3364,JOYCES CREEK,VIC,-37.08856117,143.9880643,Bendigo
3364,KINGSTON,VIC,-37.334655,143.907186,Bendigo
3364,KOOROOCHEANG,VIC,-37.334655,143.907186,Bendigo
3364,LAWRENCE,VIC,-37.334655,143.907186,Bendigo
3364,MOUNT PROSPECT,VIC,-37.334655,143.907186,Bendigo
3364,NEWLYN,VIC,-37.334655,143.907186,Bendigo
3364,NEWLYN NORTH,VIC,-37.334655,143.907186,Bendigo
3364,ROCKLYN,VIC,-37.334655,143.907186,Bendigo
3364,SMEATON,VIC,-37.334655,143.907186,Bendigo
3364,SMOKEY TOWN,VIC,-37.334655,143.907186,Bendigo
3364,SMOKEYTOWN,VIC,-37.40001075,143.9221405,Bendigo
3364,SPRINGMOUNT,VIC,-37.334655,143.907186,Bendigo
3364,STRATHLEA,VIC,-37.334655,143.907186,Bendigo
3364,ULLINA,VIC,-37.334655,143.907186,Bendigo
3364,WERONA,VIC,-37.334655,143.907186,Bendigo
3370,CLUNES,VIC,-37.252718,143.815613,Ballarat
3370,GLENGOWER,VIC,-37.252718,143.815613,Ballarat
3370,MOUNT CAMERON,VIC,-37.252718,143.815613,Ballarat
3370,ULLINA,VIC,-37.27629787,143.8880006,Ballarat
3371,AMHERST,VIC,-37.196938,143.635622,Ballarat
3371,BURNBANK,VIC,-37.196938,143.635622,Ballarat
3371,CARALULUP,VIC,-37.196938,143.635622,Ballarat
3371,DUNACH,VIC,-37.196938,143.635622,Ballarat
3371,EVANSFORD,VIC,-37.196938,143.635622,Ballarat
3371,LILLICUR,VIC,-37.196938,143.635622,Ballarat
3371,MOUNT GLASGOW,VIC,-37.196938,143.635622,Ballarat
3371,RED LION,VIC,-37.1766686,143.7666842,Ballarat
3371,STONY CREEK,VIC,-37.196938,143.635622,Ballarat
3371,TALBOT,VIC,-37.196938,143.635622,Ballarat
3373,BEAUFORT,VIC,-37.457785,143.343429,North West
3373,CHUTE,VIC,-37.457785,143.343429,North West
3373,CROSS ROADS,VIC,-37.457785,143.343429,North West
3373,LAKE GOLDSMITH,VIC,-37.457785,143.343429,North West
3373,LAKE WONGAN,VIC,-37.457785,143.343429,North West
3373,MAIN LEAD,VIC,-37.457785,143.343429,North West
3373,MENA PARK,VIC,-37.457785,143.343429,North West
3373,NERRING,VIC,-37.457785,143.343429,North West
3373,RAGLAN,VIC,-37.457785,143.343429,North West
3373,SHIRLEY,VIC,-37.457785,143.343429,North West
3373,STOCKYARD HILL,VIC,-37.457785,143.343429,North West
3373,STONELEIGH,VIC,-37.457785,143.343429,North West
3373,TRAWALLA,VIC,-37.457785,143.343429,North West
3373,WATERLOO,VIC,-37.457785,143.343429,North West
3375,BALLYROGAN,VIC,-37.424288,143.143621,North West
3375,BAYINDEEN,VIC,-37.424288,143.143621,North West
3375,BUANGOR,VIC,-37.424288,143.143621,North West
3375,MIDDLE CREEK,VIC,-37.424288,143.143621,North West
3377,AMPHITHEATRE,VIC,-37.231524,142.956916,North West
3377,ARARAT,VIC,-37.231524,142.956916,North West
3377,ARARAT EAST,VIC,-37.231524,142.956916,North West
3377,ARMSTRONG,VIC,-37.231524,142.956916,North West
3377,BEN NEVIS,VIC,-37.231524,142.956916,North West
3377,BULGANA,VIC,-37.12975291,142.9948304,North West
3377,CATHCART,VIC,-37.231524,142.956916,North West
3377,CROWLANDS,VIC,-37.231524,142.956916,North West
3377,DENICULL CREEK,VIC,-37.231524,142.956916,North West
3377,DOBIE,VIC,-37.231524,142.956916,North West
3377,DUNNEWORTHY,VIC,-37.231524,142.956916,North West
3377,EVERSLEY,VIC,-37.231524,142.956916,North West
3377,GREAT WESTERN,VIC,-37.231524,142.956916,North West
3377,JALLUKUR,VIC,-37.231524,142.956916,North West
3377,LANGI LOGAN,VIC,-37.231524,142.956916,North West
3377,MAROONA,VIC,-37.231524,142.956916,North West
3377,MOUNT COLE,VIC,-37.231524,142.956916,North West
3377,MOUNT COLE CREEK,VIC,-37.231524,142.956916,North West
3377,MOUNT LONARCH,VIC,-37.231524,142.956916,North West
3377,MOYSTON,VIC,-37.231524,142.956916,North West
3377,NORVAL,VIC,-37.231524,142.956916,North West
3377,RHYMNEY,VIC,-37.231524,142.956916,North West
3377,ROCKY POINT,VIC,-37.231524,142.956916,North West
3377,ROSSBRIDGE,VIC,-37.231524,142.956916,North West
3377,SHAYS FLAT,VIC,-37.06683249,143.0871367,North West
3377,WARRAK,VIC,-37.231524,142.956916,North West
3378,TATYOON,VIC,-37.528792,142.985403,North West
3378,YALLA-Y-POORA,VIC,-37.528792,142.985403,North West
3379,BERRAMBOOL,VIC,-37.7667,142.6833,Warrnambool and South West
3379,BORNES HILL,VIC,-37.534037,142.521439,Warrnambool and South West
3379,CHATSWORTH,VIC,-37.534037,142.521439,Warrnambool and South West
3379,MAFEKING,VIC,-37.534037,142.521439,Warrnambool and South West
3379,STAVELY,VIC,-37.534037,142.521439,Warrnambool and South West
3379,WATGANIA,VIC,-37.534037,142.521439,Warrnambool and South West
3379,WICKLIFFE,VIC,-37.534037,142.521439,Warrnambool and South West
3379,WILLAURA,VIC,-37.534037,142.521439,Warrnambool and South West
3379,WILLAURA NORTH,VIC,-37.534037,142.521439,Warrnambool and South West
3380,BELLELLEN,VIC,-37.0666,142.771159,North West
3380,BRIDGE INN,VIC,-37.0666,142.771159,North West
3380,MOKEPILLY,VIC,-37.0666,142.771159,North West
3380,STAWELL,VIC,-37.0666,142.771159,North West
3380,STAWELL WEST,VIC,-37.0666,142.771159,North West
3380,WINJALLOK,VIC,-37.0666,142.771159,North West
3381,BARKLY,VIC,-36.988914,142.7154,North West
3381,BELLELLEN,VIC,-37.13783665,142.6925099,North West
3381,BELLFIELD,VIC,-36.988914,142.7154,North West
3381,BLACK RANGE,VIC,-37.1348818,142.7641486,North West
3381,BOLANGUM,VIC,-36.988914,142.7154,North West
3381,CALLAWADDA,VIC,-36.988914,142.7154,North West
3381,CAMPBELLS BRIDGE,VIC,-36.988914,142.7154,North West
3381,CONCONGELLA,VIC,-36.988914,142.7154,North West
3381,DEEP LEAD,VIC,-36.988914,142.7154,North West
3381,FYANS CREEK,VIC,-36.988914,142.7154,North West
3381,GERMANIA,VIC,-36.988914,142.7154,North West
3381,GREENS CREEK,VIC,-36.988914,142.7154,North West
3381,HALLS GAP,VIC,-36.988914,142.7154,North West
3381,ILLAWARRA,VIC,-36.988914,142.7154,North West
3381,JOEL JOEL,VIC,-36.988914,142.7154,North West
3381,JOEL SOUTH,VIC,-36.988914,142.7154,North West
3381,KANYA,VIC,-36.988914,142.7154,North West
3381,LAKE FYANS,VIC,-36.988914,142.7154,North West
3381,LAKE LONSDALE,VIC,-36.988914,142.7154,North West
3381,LUBECK,VIC,-36.988914,142.7154,North West
3381,MOKEPILLY,VIC,-37.09290738,142.6448077,North West
3381,MORRL MORRL,VIC,-36.988914,142.7154,North West
3381,MOUNT DRYDEN,VIC,-37.04638597,142.5318605,North West
3381,PARADISE,VIC,-36.988914,142.7154,North West
3381,POMONAL,VIC,-36.988914,142.7154,North West
3381,ROSTRON,VIC,-36.988914,142.7154,North West
3381,WAL WAL,VIC,-36.988914,142.7154,North West
3381,WALLALOO,VIC,-36.988914,142.7154,North West
3381,WALLALOO EAST,VIC,-36.988914,142.7154,North West
3384,BARKLY,VIC,-36.93829078,143.2173081,North West
3384,CONCONGELLA,VIC,-37.04625762,142.8740132,North West
3384,FRENCHMANS,VIC,-37.000261,143.126344,North West
3384,JOEL JOEL,VIC,-37.01984772,142.9867746,North West
3384,JOEL SOUTH,VIC,-37.06314423,142.9994761,North West
3384,LANDSBOROUGH,VIC,-37.000261,143.126344,North West
3384,LANDSBOROUGH WEST,VIC,-37.000261,143.126344,North West
3384,NAVARRE,VIC,-37.000261,143.126344,North West
3384,SHAYS FLAT,VIC,-37.000261,143.126344,North West
3384,TULKARA,VIC,-36.94387585,143.0484349,North West
3384,WATTLE CREEK,VIC,-37.000261,143.126344,North West
3385,DADSWELLS BRIDGE,VIC,-36.904185,142.647565,North West
3385,DEEP LEAD,VIC,-36.99999967,142.7110642,North West
3385,GLENORCHY,VIC,-36.904185,142.647565,North West
3385,LEDCOURT,VIC,-36.904185,142.647565,North West
3385,LUBECK,VIC,-36.73975806,142.5335742,North West
3385,RIACHELLA,VIC,-36.904185,142.647565,North West
3385,ROSES GAP,VIC,-36.97419597,142.4561838,North West
3385,WAL WAL,VIC,-36.81909176,142.616484,North West
3387,BOLANGUM,VIC,-36.71744157,142.9814278,North West
3387,CALLAWADDA,VIC,-36.82285865,142.7940368,North West
3387,CAMPBELLS BRIDGE,VIC,-36.92542526,142.7959945,North West
3387,GERMANIA,VIC,-36.97659863,142.7584938,North West
3387,GREENS CREEK,VIC,-36.93245666,142.9444988,North West
3387,KANYA,VIC,-36.77318828,142.9860744,North West
3387,MARNOO,VIC,-36.666391,142.876262,North West
3387,MARNOO WEST,VIC,-36.71153166,142.7794333,North West
3387,MORRL MORRL,VIC,-36.86638119,142.8949426,North West
3387,WALLALOO,VIC,-36.74801665,142.9016653,North West
3387,WALLALOO EAST,VIC,-36.80559338,142.9089779,North West
3388,BANYENA,VIC,-36.597861,142.693946,North West
3388,RUPANYUP,VIC,-36.597861,142.693946,North West
3390,KEWELL,VIC,-36.583744,142.487468,North West
3390,MURTOA,VIC,-36.583744,142.487468,North West
3392,BOOLITE,VIC,-36.34199038,142.6792298,North West
3392,MINYIP,VIC,-36.430131,142.677858,North West
3392,SHEEP HILLS,VIC,-36.430131,142.677858,North West
3399,JUNG,VIC,-36.608521,142.357023,Warrnambool and South West
3399,LONGERENONG,VIC,-36.608521,142.357023,Warrnambool and South West
3400,BRIMPAEN,VIC,-36.725245,142.203729,North West
3400,HORSHAM,VIC,-36.725245,142.203729,North West
3400,HORSHAM WEST,VIC,-36.725245,142.203729,North West
3400,ST HELENS PLAINS,VIC,-36.725245,142.203729,North West
3400,WARTOOK,VIC,-36.725245,142.203729,North West
3400,WONWONDAH EAST,VIC,-36.725245,142.203729,North West
3400,WONWONDAH SOUTH,VIC,-36.725245,142.203729,North West
3401,BLACKHEATH,VIC,-36.881534,141.940832,Warrnambool and South West
3401,BRIMPAEN,VIC,-37.03953686,142.2041883,Warrnambool and South West
3401,BUNGALALLY,VIC,-36.881534,141.940832,Warrnambool and South West
3401,CHERRYPOOL,VIC,-36.881534,141.940832,Warrnambool and South West
3401,CLEAR LAKE,VIC,-36.881534,141.940832,Warrnambool and South West
3401,CONNANGORACH,VIC,-36.881534,141.940832,Warrnambool and South West
3401,DAHLEN,VIC,-36.881534,141.940832,Warrnambool and South West
3401,DOOEN,VIC,-36.881534,141.940832,Warrnambool and South West
3401,DOUGLAS,VIC,-36.881534,141.940832,Warrnambool and South West
3401,DRUNG,VIC,-36.881534,141.940832,Warrnambool and South West
3401,GREEN LAKE,VIC,-36.881534,141.940832,Warrnambool and South West
3401,GYMBOWEN,VIC,-36.881534,141.940832,Warrnambool and South West
3401,HAVEN,VIC,-36.881534,141.940832,Warrnambool and South West
3401,HORSHAM,VIC,-36.881534,141.940832,Warrnambool and South West
3401,JALLUMBA,VIC,-36.881534,141.940832,Warrnambool and South West
3401,JILPANGER,VIC,-36.881534,141.940832,Warrnambool and South West
3401,JUNG,VIC,-36.57669756,142.3388059,Warrnambool and South West
3401,KALKEE,VIC,-36.881534,141.940832,Warrnambool and South West
3401,KANAGULK,VIC,-36.881534,141.940832,Warrnambool and South West
3401,KARNAK,VIC,-36.881534,141.940832,Warrnambool and South West
3401,LAHARUM,VIC,-36.881534,141.940832,Warrnambool and South West
3401,LONGERENONG,VIC,-36.68413291,142.3445593,Warrnambool and South West
3401,LOWER NORTON,VIC,-36.881534,141.940832,Warrnambool and South West
3401,MCKENZIE CREEK,VIC,-36.881534,141.940832,Warrnambool and South West
3401,MIGA LAKE,VIC,-36.881534,141.940832,Warrnambool and South West
3401,MITRE,VIC,-36.881534,141.940832,Warrnambool and South West
3401,MOCKINYA,VIC,-36.881534,141.940832,Warrnambool and South West
3401,MURRA WARRA,VIC,-36.881534,141.940832,Warrnambool and South West
3401,NORADJUHA,VIC,-36.881534,141.940832,Warrnambool and South West
3401,NURCOUNG,VIC,-36.881534,141.940832,Warrnambool and South West
3401,NURRABIEL,VIC,-36.881534,141.940832,Warrnambool and South West
3401,PIMPINIO,VIC,-36.881534,141.940832,Warrnambool and South West
3401,QUANTONG,VIC,-36.881534,141.940832,Warrnambool and South West
3401,REMLAW,VIC,-36.881534,141.940832,Warrnambool and South West
3401,RIVERSIDE,VIC,-36.881534,141.940832,Warrnambool and South West
3401,ROCKLANDS,VIC,-37.2749188,142.0507182,Warrnambool and South West
3401,ST HELENS PLAINS,VIC,-36.78558459,142.4320005,Warrnambool and South West
3401,TELANGATUK EAST,VIC,-36.881534,141.940832,Warrnambool and South West
3401,TOOAN,VIC,-36.881534,141.940832,Warrnambool and South West
3401,TOOLONDO,VIC,-36.881534,141.940832,Warrnambool and South West
3401,VECTIS,VIC,-36.881534,141.940832,Warrnambool and South West
3401,WALLUP,VIC,-36.881534,141.940832,Warrnambool and South West
3401,WARTOOK,VIC,-37.0307138,142.3452363,Warrnambool and South West
3401,WOMBELANO,VIC,-36.881534,141.940832,Warrnambool and South West
3401,WONWONDAH,VIC,-36.881534,141.940832,Warrnambool and South West
3401,ZUMSTEINS,VIC,-36.881534,141.940832,Warrnambool and South West
3407,BALMORAL,VIC,-37.298061,141.948371,Warrnambool and South West
3407,ENGLEFIELD,VIC,-37.298061,141.948371,Warrnambool and South West
3407,GATUM,VIC,-37.298061,141.948371,Warrnambool and South West
3407,PIGEON PONDS,VIC,-37.298061,141.948371,Warrnambool and South West
3407,VASEY,VIC,-37.298061,141.948371,Warrnambool and South West
3409,CLEAR LAKE,VIC,-36.93658009,141.8934852,North West
3409,NORADJUHA,VIC,-36.84799315,141.9194993,North West
3427,DIGGERS REST,VIC,-37.643461,144.707974,Melbourne - West
3427,PLUMPTON,VIC,-37.643461,144.707974,Melbourne - West
3428,BULLA,VIC,-37.591069,144.811494,Melbourne - North West
3429,SUNBURY,VIC,-37.56762,144.728973,Melbourne - North West
3429,WILDWOOD,VIC,-37.56762,144.728973,Melbourne - North West
3430,CLARKEFIELD,VIC,-37.494056,144.806632,Melbourne - North West
3431,RIDDELLS CREEK,VIC,-37.474551,144.69202,Melbourne - North West
3432,BOLINDA,VIC,-37.448455,144.792581,Melbourne - North West
3434,CHEROKEE,VIC,-37.35388,144.750796,Melbourne - North West
3434,KERRIE,VIC,-37.35388,144.750796,Melbourne - North West
3434,ROMSEY,VIC,-37.35388,144.750796,Melbourne - North West
3434,SPRINGFIELD,VIC,-37.35388,144.750796,Melbourne - North West
3435,BENLOCH,VIC,-37.179453,144.743358,Melbourne - North West
3435,GOLDIE,VIC,-37.179453,144.743358,Melbourne - North West
3435,LANCEFIELD,VIC,-37.179453,144.743358,Melbourne - North West
3435,NULLA VALE,VIC,-37.179453,144.743358,Melbourne - North West
3437,BULLENGAROOK,VIC,-37.501619,144.513018,Melbourne - North West
3437,GISBORNE,VIC,-37.501619,144.513018,Melbourne - North West
3437,GISBORNE SOUTH,VIC,-37.501619,144.513018,Melbourne - North West
3438,NEW GISBORNE,VIC,-37.457528,144.602032,Melbourne - North West
3440,MACEDON,VIC,-37.413377,144.546151,Melbourne - North West
3441,MOUNT MACEDON,VIC,-37.399224,144.603892,Melbourne - North West
3442,ASHBOURNE,VIC,-37.330661,144.548846,Melbourne - North West
3442,CADELLO,VIC,-37.330661,144.548846,Melbourne - North West
3442,CARLSRUHE,VIC,-37.330661,144.548846,Melbourne - North West
3442,COBAW,VIC,-37.330661,144.548846,Melbourne - North West
3442,HANGING ROCK,VIC,-37.330661,144.548846,Melbourne - North West
3442,HESKET,VIC,-37.330661,144.548846,Melbourne - North West
3442,NEWHAM,VIC,-37.330661,144.548846,Melbourne - North West
3442,ROCHFORD,VIC,-37.330661,144.548846,Melbourne - North West
3442,WOODEND,VIC,-37.330661,144.548846,Melbourne - North West
3442,WOODEND NORTH,VIC,-37.330661,144.548846,Melbourne - North West
3444,BARFOLD,VIC,-37.171788,144.544716,Hume
3444,BAYNTON,VIC,-37.171788,144.544716,Hume
3444,BAYNTON EAST,VIC,-37.171788,144.544716,Hume
3444,EDGECOMBE,VIC,-37.171788,144.544716,Hume
3444,GLENHOPE,VIC,-37.171788,144.544716,Hume
3444,GREENHILL,VIC,-37.171788,144.544716,Hume
3444,KYNETON,VIC,-37.171788,144.544716,Hume
3444,KYNETON SOUTH,VIC,-37.171788,144.544716,Hume
3444,LANGLEY,VIC,-37.171788,144.544716,Hume
3444,LAURISTON,VIC,-37.171788,144.544716,Hume
3444,LYAL,VIC,-37.171788,144.544716,Hume
3444,METCALFE EAST,VIC,-37.171788,144.544716,Hume
3444,MIA MIA,VIC,-37.171788,144.544716,Hume
3444,MYRTLE CREEK,VIC,-37.171788,144.544716,Hume
3444,PASTORIA,VIC,-37.171788,144.544716,Hume
3444,PASTORIA EAST,VIC,-37.171788,144.544716,Hume
3444,PIPERS CREEK,VIC,-37.171788,144.544716,Hume
3444,REDESDALE,VIC,-37.171788,144.544716,Hume
3444,SIDONIA,VIC,-37.171788,144.544716,Hume
3444,SPRING HILL,VIC,-37.171788,144.544716,Hume
3444,TYLDEN,VIC,-37.171788,144.544716,Hume
3444,TYLDEN SOUTH,VIC,-37.171788,144.544716,Hume
3446,DRUMMOND NORTH,VIC,-37.184831,144.374338,Bendigo
3446,MALMSBURY,VIC,-37.184831,144.374338,Bendigo
3447,TARADALE,VIC,-37.157744,144.322487,Bendigo
3448,ELPHINSTONE,VIC,-37.075364,144.387629,Bendigo
3448,METCALFE,VIC,-37.075364,144.387629,Bendigo
3448,SUTTON GRANGE,VIC,-37.075364,144.387629,Bendigo
3450,CASTLEMAINE,VIC,-37.061635,144.214903,Bendigo
3450,MOONLIGHT FLAT,VIC,-37.061635,144.214903,Bendigo
3451,BARKERS CREEK,VIC,-37.125338,144.21419,Bendigo
3451,CAMPBELLS CREEK,VIC,-37.125338,144.21419,Bendigo
3451,CHEWTON,VIC,-37.125338,144.21419,Bendigo
3451,CHEWTON BUSHLANDS,VIC,-37.125338,144.21419,Bendigo
3451,FARADAY,VIC,-37.125338,144.21419,Bendigo
3451,FRYERSTOWN,VIC,-37.125338,144.21419,Bendigo
3451,GLENLUCE,VIC,-37.125338,144.21419,Bendigo
3451,GOLDEN POINT,VIC,-37.125338,144.21419,Bendigo
3451,GOWER,VIC,-37.125338,144.21419,Bendigo
3451,GUILDFORD,VIC,-37.125338,144.21419,Bendigo
3451,IRISHTOWN,VIC,-37.125338,144.21419,Bendigo
3451,MCKENZIE HILL,VIC,-37.125338,144.21419,Bendigo
3451,MUCKLEFORD,VIC,-37.125338,144.21419,Bendigo
3451,TARILTA,VIC,-37.125338,144.21419,Bendigo
3451,VAUGHAN,VIC,-37.125338,144.21419,Bendigo
3451,WOODBROOK,VIC,-37.125338,144.21419,Bendigo
3451,YAPEEN,VIC,-37.125338,144.21419,Bendigo
3453,HARCOURT,VIC,-36.950365,144.281488,Bendigo
3453,HARCOURT NORTH,VIC,-36.950365,144.281488,Bendigo
3453,RAVENSWOOD,VIC,-36.950365,144.281488,Bendigo
3453,RAVENSWOOD SOUTH,VIC,-36.950365,144.281488,Bendigo
3458,BARRYS REEF,VIC,-37.424116,144.33471,Bendigo
3458,BLACKWOOD,VIC,-37.424116,144.33471,Bendigo
3458,FERN HILL,VIC,-37.424116,144.33471,Bendigo
3458,LERDERDERG,VIC,-37.424116,144.33471,Bendigo
3458,LITTLE HAMPTON,VIC,-37.424116,144.33471,Bendigo
3458,NEWBURY,VIC,-37.424116,144.33471,Bendigo
3458,NORTH BLACKWOOD,VIC,-37.424116,144.33471,Bendigo
3458,TRENTHAM,VIC,-37.424116,144.33471,Bendigo
3458,TRENTHAM EAST,VIC,-37.424116,144.33471,Bendigo
3460,BASALT,VIC,-37.351704,144.144216,Ballarat
3460,DAYLESFORD,VIC,-37.351704,144.144216,Ballarat
3461,BULLARTO,VIC,-37.287848,144.170995,Bendigo
3461,BULLARTO SOUTH,VIC,-37.287848,144.170995,Bendigo
3461,CLYDESDALE,VIC,-37.287848,144.170995,Bendigo
3461,COOMOORA,VIC,-37.287848,144.170995,Bendigo
3461,DENVER,VIC,-37.287848,144.170995,Bendigo
3461,DRUMMOND,VIC,-37.287848,144.170995,Bendigo
3461,DRY DIGGINGS,VIC,-37.287848,144.170995,Bendigo
3461,EGANSTOWN,VIC,-37.287848,144.170995,Bendigo
3461,ELEVATED PLAINS,VIC,-37.287848,144.170995,Bendigo
3461,FRANKLINFORD,VIC,-37.287848,144.170995,Bendigo
3461,GLENLYON,VIC,-37.287848,144.170995,Bendigo
3461,HEPBURN,VIC,-37.287848,144.170995,Bendigo
3461,HEPBURN SPRINGS,VIC,-37.287848,144.170995,Bendigo
3461,KORWEINGUBOORA,VIC,-37.287848,144.170995,Bendigo
3461,LEONARDS HILL,VIC,-37.287848,144.170995,Bendigo
3461,LYONVILLE,VIC,-37.287848,144.170995,Bendigo
3461,MOUNT FRANKLIN,VIC,-37.287848,144.170995,Bendigo
3461,MUSK,VIC,-37.287848,144.170995,Bendigo
3461,MUSK VALE,VIC,-37.287848,144.170995,Bendigo
3461,PORCUPINE RIDGE,VIC,-37.287848,144.170995,Bendigo
3461,SAILORS FALLS,VIC,-37.287848,144.170995,Bendigo
3461,SAILORS HILL,VIC,-37.287848,144.170995,Bendigo
3461,SHEPHERDS FLAT,VIC,-37.287848,144.170995,Bendigo
3461,SPARGO CREEK,VIC,-37.287848,144.170995,Bendigo
3461,STRANGWAYS,VIC,-37.287848,144.170995,Bendigo
3461,WHEATSHEAF,VIC,-37.287848,144.170995,Bendigo
3461,YANDOIT,VIC,-37.287848,144.170995,Bendigo
3461,YANDOIT HILLS,VIC,-37.287848,144.170995,Bendigo
3462,GREEN GULLY,VIC,-37.083561,144.053611,Bendigo
3462,JOYCES CREEK,VIC,-37.083561,144.053611,Bendigo
3462,MUCKLEFORD SOUTH,VIC,-37.083561,144.053611,Bendigo
3462,NEWSTEAD,VIC,-37.083561,144.053611,Bendigo
3462,SANDON,VIC,-37.083561,144.053611,Bendigo
3462,WELSHMANS REEF,VIC,-37.083561,144.053611,Bendigo
3463,BARINGHUP,VIC,-36.957983,144.05651,Bendigo
3463,BARINGHUP WEST,VIC,-36.957983,144.05651,Bendigo
3463,BRADFORD,VIC,-36.957983,144.05651,Bendigo
3463,EASTVILLE,VIC,-36.957983,144.05651,Bendigo
3463,GOWER,VIC,-37.02851213,144.0988962,Bendigo
3463,LAANECOORIE,VIC,-36.957983,144.05651,Bendigo
3463,MALDON,VIC,-36.957983,144.05651,Bendigo
3463,NEEREMAN,VIC,-36.957983,144.05651,Bendigo
3463,NUGGETTY,VIC,-36.957983,144.05651,Bendigo
3463,PERKINS REEF,VIC,-36.957983,144.05651,Bendigo
3463,PORCUPINE FLAT,VIC,-36.957983,144.05651,Bendigo
3463,SHELBOURNE,VIC,-36.957983,144.05651,Bendigo
3463,TARRENGOWER,VIC,-36.957983,144.05651,Bendigo
3463,WALMER,VIC,-36.957983,144.05651,Bendigo
3463,WOODSTOCK WEST,VIC,-36.957983,144.05651,Bendigo
3464,CARISBROOK,VIC,-37.019811,143.841414,Ballarat
3465,ADELAIDE LEAD,VIC,-37.021478,143.611335,North West
3465,ALMA,VIC,-37.021478,143.611335,North West
3465,BOWENVALE,VIC,-37.021478,143.611335,North West
3465,BUNG BONG,VIC,-37.021478,143.611335,North West
3465,COTSWOLD,VIC,-37.021478,143.611335,North West
3465,CRAIGIE,VIC,-37.021478,143.611335,North West
3465,DAISY HILL,VIC,-37.021478,143.611335,North West
3465,FLAGSTAFF,VIC,-37.021478,143.611335,North West
3465,GOLDEN POINT,VIC,-37.021478,143.611335,North West
3465,HAVELOCK,VIC,-37.021478,143.611335,North West
3465,HOMEBUSH,VIC,-37.021478,143.611335,North West
3465,MAJORCA,VIC,-37.021478,143.611335,North West
3465,MARYBOROUGH,VIC,-37.021478,143.611335,North West
3465,MOOLORT,VIC,-37.021478,143.611335,North West
3465,MOONLIGHT FLAT,VIC,-37.021478,143.611335,North West
3465,NATTE YALLOCK,VIC,-37.021478,143.611335,North West
3465,RATHSCAR,VIC,-37.021478,143.611335,North West
3465,RATHSCAR WEST,VIC,-37.021478,143.611335,North West
3465,RODBOROUGH,VIC,-37.021478,143.611335,North West
3465,SIMSON,VIC,-37.021478,143.611335,North West
3465,TIMOR,VIC,-37.021478,143.611335,North West
3465,TIMOR WEST,VIC,-37.021478,143.611335,North West
3465,WAREEK,VIC,-37.021478,143.611335,North West
3467,AVOCA,VIC,-37.105993,143.412675,Ballarat
3467,MOYREISK,VIC,-37.105993,143.412675,Ballarat
3468,AMPHITHEATRE,VIC,-37.261481,143.379493,Ballarat
3468,MOUNT LONARCH,VIC,-37.261481,143.379493,Ballarat
3469,ELMHURST,VIC,-37.172964,143.280627,Ballarat
3469,GLENLOFTY,VIC,-37.172964,143.280627,Ballarat
3469,GLENLOGIE,VIC,-37.172964,143.280627,Ballarat
3469,GLENPATRICK,VIC,-37.172964,143.280627,Ballarat
3469,NOWHERE CREEK,VIC,-37.172964,143.280627,Ballarat
3472,BET BET,VIC,-36.864952,143.657638,Bendigo
3472,BETLEY,VIC,-36.864952,143.657638,Bendigo
3472,BROMLEY,VIC,-36.864952,143.657638,Bendigo
3472,DUNLUCE,VIC,-36.864952,143.657638,Bendigo
3472,DUNOLLY,VIC,-36.864952,143.657638,Bendigo
3472,EDDINGTON,VIC,-36.864952,143.657638,Bendigo
3472,GOLDSBOROUGH,VIC,-36.864952,143.657638,Bendigo
3472,INKERMAN,VIC,-36.864952,143.657638,Bendigo
3472,MCINTYRE,VIC,-36.864952,143.657638,Bendigo
3472,MOLIAGUL,VIC,-36.864952,143.657638,Bendigo
3472,MOUNT HOOGHLY,VIC,-36.864952,143.657638,Bendigo
3475,ARCHDALE,VIC,-36.70633,143.51213,North West
3475,ARCHDALE JUNCTION,VIC,-36.70633,143.51213,North West
3475,BEALIBA,VIC,-36.70633,143.51213,North West
3475,BURKES FLAT,VIC,-36.70633,143.51213,North West
3475,COCHRANES CREEK,VIC,-36.70633,143.51213,North West
3475,EMU,VIC,-36.70633,143.51213,North West
3475,LOGAN,VIC,-36.70633,143.51213,North West
3477,AVON PLAINS,VIC,-36.688551,143.230699,North West
3477,BEAZLEYS BRIDGE,VIC,-36.688551,143.230699,North West
3477,CARAPOOEE,VIC,-36.688551,143.230699,North West
3477,CARAPOOEE WEST,VIC,-36.688551,143.230699,North West
3477,COONOOER BRIDGE,VIC,-36.688551,143.230699,North West
3477,COONOOER WEST,VIC,-36.688551,143.230699,North West
3477,DALYENONG,VIC,-36.8061787,143.4180029,North West
3477,GOOROC,VIC,-36.688551,143.230699,North West
3477,GOWAR EAST,VIC,-36.688551,143.230699,North West
3477,GRAYS BRIDGE,VIC,-36.61840529,142.8997503,North West
3477,GRE GRE,VIC,-36.688551,143.230699,North West
3477,GRE GRE NORTH,VIC,-36.688551,143.230699,North West
3477,GRE GRE SOUTH,VIC,-36.688551,143.230699,North West
3477,KOOREH,VIC,-36.688551,143.230699,North West
3477,MARNOO EAST,VIC,-36.65690656,142.9563966,North West
3477,MOOLERR,VIC,-36.688551,143.230699,North West
3477,MOYREISK,VIC,-37.105993,143.412675,North West
3477,PARADISE,VIC,-36.988914,142.7154,North West
3477,REDBANK,VIC,-36.688551,143.230699,North West
3477,ROSTRON,VIC,-36.988914,142.7154,North West
3477,SLATY CREEK,VIC,-36.688551,143.230699,North West
3477,ST ARNAUD EAST,VIC,-36.688551,143.230699,North West
3477,ST ARNAUD NORTH,VIC,-36.688551,143.230699,North West
3477,STUART MILL,VIC,-36.688551,143.230699,North West
3477,SUTHERLAND,VIC,-36.688551,143.230699,North West
3477,SWANWATER,VIC,-36.688551,143.230699,North West
3477,TOTTINGTON,VIC,-36.688551,143.230699,North West
3477,TRAYNORS LAGOON,VIC,-36.688551,143.230699,North West
3477,WINJALLOK,VIC,-37.0666,142.771159,North West
3477,YORK PLAINS,VIC,-36.58743626,142.9166939,North West
3478,AVON PLAINS,VIC,-36.688551,143.230699,North West
3478,BEAZLEYS BRIDGE,VIC,-36.688551,143.230699,North West
3478,BERRIMAL WEST,VIC,-36.688551,143.230699,North West
3478,CARAPOOEE,VIC,-36.688551,143.230699,North West
3478,CARAPOOEE WEST,VIC,-36.688551,143.230699,North West
3478,COONOOER BRIDGE,VIC,-36.688551,143.230699,North West
3478,COONOOER WEST,VIC,-36.688551,143.230699,North West
3478,DARKBONEE,VIC,-36.688551,143.230699,North West
3478,DOOBOOBETIC,VIC,-36.688551,143.230699,North West
3478,ELBERTON,VIC,-36.688551,143.230699,North West
3478,GOOROC,VIC,-36.688551,143.230699,North West
3478,GOWAR EAST,VIC,-36.688551,143.230699,North West
3478,GRE GRE,VIC,-36.688551,143.230699,North West
3478,GRE GRE NORTH,VIC,-36.688551,143.230699,North West
3478,GRE GRE SOUTH,VIC,-36.688551,143.230699,North West
3478,KOOREH,VIC,-36.688551,143.230699,North West
3478,MEDLYN,VIC,-36.688551,143.230699,North West
3478,MITCHELLS HILL,VIC,-36.688551,143.230699,North West
3478,MOOLERR,VIC,-36.688551,143.230699,North West
3478,MOONAMBEL,VIC,-36.688551,143.230699,North West
3478,PERCYDALE,VIC,-36.688551,143.230699,North West
3478,SLATY CREEK,VIC,-36.688551,143.230699,North West
3478,ST ARNAUD,VIC,-36.688551,143.230699,North West
3478,ST ARNAUD EAST,VIC,-36.688551,143.230699,North West
3478,ST ARNAUD NORTH,VIC,-36.688551,143.230699,North West
3478,STUART MILL,VIC,-36.688551,143.230699,North West
3478,SUTHERLAND,VIC,-36.688551,143.230699,North West
3478,SWANWATER,VIC,-36.688551,143.230699,North West
3478,TANWOOD,VIC,-36.688551,143.230699,North West
3478,TOTTINGTON,VIC,-36.688551,143.230699,North West
3478,TRAYNORS LAGOON,VIC,-36.688551,143.230699,North West
3478,TULKARA,VIC,-36.688551,143.230699,North West
3478,WARRENMANG,VIC,-36.688551,143.230699,North West
3478,YAWONG HILLS,VIC,-36.688551,143.230699,North West
3480,AREEGRA,VIC,-36.31227,142.968057,North West
3480,BANYENONG,VIC,-36.31227,142.968057,North West
3480,BOOLITE,VIC,-36.31227,142.968057,North West
3480,CARRON,VIC,-36.31227,142.968057,North West
3480,COPE COPE,VIC,-36.31227,142.968057,North West
3480,CORACK,VIC,-36.31227,142.968057,North West
3480,CORACK EAST,VIC,-36.31227,142.968057,North West
3480,DONALD,VIC,-36.31227,142.968057,North West
3480,GIL GIL,VIC,-36.32166578,143.0409276,North West
3480,JEFFCOTT,VIC,-36.31902453,143.1383586,North West
3480,JEFFCOTT NORTH,VIC,-36.26284609,143.0680468,North West
3480,LAEN,VIC,-36.31227,142.968057,North West
3480,LAEN EAST,VIC,-36.31227,142.968057,North West
3480,LAEN NORTH,VIC,-36.31227,142.968057,North West
3480,LAKE BULOKE,VIC,-36.31227,142.968057,North West
3480,LAWLER,VIC,-36.31227,142.968057,North West
3480,LITCHFIELD,VIC,-36.31227,142.968057,North West
3480,RICH AVON,VIC,-36.31227,142.968057,North West
3480,RICH AVON EAST,VIC,-36.31227,142.968057,North West
3480,RICH AVON WEST,VIC,-36.31227,142.968057,North West
3480,SWANWATER WEST,VIC,-36.31227,142.968057,North West
3515,MARONG,VIC,-36.729444,144.062915,Bendigo
3515,SHELBOURNE,VIC,-36.84708994,144.0636842,Bendigo
3515,WILSONS HILL,VIC,-36.729444,144.062915,Bendigo
3516,BRIDGEWATER,VIC,-36.607616,144.041722,Bendigo
3516,BRIDGEWATER NORTH,VIC,-36.607616,144.041722,Bendigo
3516,BRIDGEWATER ON LODDON,VIC,-36.607616,144.041722,Bendigo
3516,DERBY,VIC,-36.607616,144.041722,Bendigo
3516,LEICHARDT,VIC,-36.607616,144.041722,Bendigo
3516,YARRABERB,VIC,-36.607616,144.041722,Bendigo
3517,BEARS LAGOON,VIC,-36.483116,143.886832,Bendigo
3517,BRENANAH,VIC,-36.483116,143.886832,Bendigo
3517,BULLABUL,VIC,-36.483116,143.886832,Bendigo
3517,GLENALBYN,VIC,-36.483116,143.886832,Bendigo
3517,INGLEWOOD,VIC,-36.483116,143.886832,Bendigo
3517,JARKLIN,VIC,-36.483116,143.886832,Bendigo
3517,KINGOWER,VIC,-36.483116,143.886832,Bendigo
3517,KURTING,VIC,-36.483116,143.886832,Bendigo
3517,POWLETT PLAINS,VIC,-36.483116,143.886832,Bendigo
3517,RHEOLA,VIC,-36.483116,143.886832,Bendigo
3517,SALISBURY WEST,VIC,-36.483116,143.886832,Bendigo
3517,SERPENTINE,VIC,-36.483116,143.886832,Bendigo
3518,BERRIMAL,VIC,-36.474937,143.586215,North West
3518,BORUNG,VIC,-36.474937,143.586215,North West
3518,FENTONS CREEK,VIC,-36.474937,143.586215,North West
3518,FERNIHURST,VIC,-36.474937,143.586215,North West
3518,FIERY FLAT,VIC,-36.474937,143.586215,North West
3518,KURRACA,VIC,-36.474937,143.586215,North West
3518,KURRACA WEST,VIC,-36.474937,143.586215,North West
3518,MYSIA,VIC,-36.474937,143.586215,North West
3518,NINE MILE,VIC,-36.474937,143.586215,North West
3518,RICHMOND PLAINS,VIC,-36.474937,143.586215,North West
3518,SKINNERS FLAT,VIC,-36.474937,143.586215,North West
3518,WEDDERBURN,VIC,-36.474937,143.586215,North West
3518,WEDDERBURN JUNCTION,VIC,-36.474937,143.586215,North West
3518,WEHLA,VIC,-36.474937,143.586215,North West
3518,WOOLSHED FLAT,VIC,-36.474937,143.586215,North West
3518,WOOSANG,VIC,-36.474937,143.586215,North West
3520,KINYPANIAL,VIC,-36.405771,143.810786,Bendigo
3520,KORONG VALE,VIC,-36.405771,143.810786,Bendigo
3520,SOUTH KINYPANIAL,VIC,-36.405771,143.810786,Bendigo
3521,PYALONG,VIC,-37.090071,144.912693,Hume
3522,EMU FLAT,VIC,-37.050037,144.747197,Hume
3522,GLENHOPE EAST,VIC,-37.07349322,144.7011112,Hume
3522,TOOBORAC,VIC,-37.050037,144.747197,Hume
3523,ARGYLE,VIC,-36.837461,144.768359,Shepparton
3523,COSTERFIELD,VIC,-36.837461,144.768359,Shepparton
3523,DERRINAL,VIC,-36.837461,144.768359,Shepparton
3523,HEATHCOTE,VIC,-36.837461,144.768359,Shepparton
3523,HEATHCOTE SOUTH,VIC,-36.837461,144.768359,Shepparton
3523,KNOWSLEY,VIC,-36.837461,144.768359,Shepparton
3523,LADYS PASS,VIC,-36.837461,144.768359,Shepparton
3523,MOORMBOOL WEST,VIC,-36.837461,144.768359,Shepparton
3523,MOUNT CAMEL,VIC,-36.837461,144.768359,Shepparton
3523,REDCASTLE,VIC,-36.837461,144.768359,Shepparton
3525,BARRAKEE,VIC,-36.2835,143.364316,North West
3525,BUCKRABANYULE,VIC,-36.2835,143.364316,North West
3525,CHARLTON,VIC,-36.2835,143.364316,North West
3525,CHIRRIP,VIC,-36.16805671,143.1280301,North West
3525,GRANITE FLAT,VIC,-36.21412082,143.1316318,North West
3525,JEFFCOTT,VIC,-36.2835,143.364316,North West
3525,JEFFCOTT NORTH,VIC,-36.2835,143.364316,North West
3525,LAKE MARMAL,VIC,-36.2835,143.364316,North West
3525,NAREEWILLOCK,VIC,-36.2835,143.364316,North West
3525,TEDDYWADDY,VIC,-36.2835,143.364316,North West
3525,TEDDYWADDY WEST,VIC,-36.2835,143.364316,North West
3525,TERRAPPEE,VIC,-36.2835,143.364316,North West
3525,WOOROONOOK,VIC,-36.2835,143.364316,North West
3525,WYCHITELLA,VIC,-36.2835,143.364316,North West
3525,WYCHITELLA NORTH,VIC,-36.2835,143.364316,North West
3525,YEUNGROON,VIC,-36.2835,143.364316,North West
3525,YEUNGROON EAST,VIC,-36.2835,143.364316,North West
3527,BUNGULUKE,VIC,-36.07096,143.241334,North West
3527,DUMOSA,VIC,-36.07096,143.241334,North West
3527,GLENLOTH,VIC,-36.07096,143.241334,North West
3527,GLENLOTH EAST,VIC,-36.07096,143.241334,North West
3527,JERUK,VIC,-36.00182588,143.4513232,North West
3527,NINYEUNOOK,VIC,-35.95739202,143.4213318,North West
3527,TEDDYWADDY,VIC,-36.19508429,143.3240251,North West
3527,TEDDYWADDY WEST,VIC,-36.19667451,143.2226665,North West
3527,THALIA,VIC,-36.07096,143.241334,North West
3527,TOWANINNY,VIC,-36.07096,143.241334,North West
3527,TOWANINNY SOUTH,VIC,-36.07096,143.241334,North West
3527,WYCHEPROOF,VIC,-36.07096,143.241334,North West
3527,WYCHEPROOF SOUTH,VIC,-36.07096,143.241334,North West
3537,BARRAPORT,VIC,-36.079335,143.744455,North West
3537,BARRAPORT WEST,VIC,-36.079335,143.744455,North West
3537,BOORT,VIC,-36.079335,143.744455,North West
3537,CANARY ISLAND,VIC,-36.079335,143.744455,North West
3537,CATUMNAL,VIC,-36.079335,143.744455,North West
3537,GREDGWIN,VIC,-36.079335,143.744455,North West
3537,LEAGHUR,VIC,-36.079335,143.744455,North West
3537,MINMINDIE,VIC,-36.079335,143.744455,North West
3537,YANDO,VIC,-36.079335,143.744455,North West
3550,BENDIGO,VIC,-36.764269,144.2786,Bendigo
3550,BENDIGO SOUTH,VIC,-36.764269,144.285267,Bendigo
3550,DIAMOND HILL,VIC,-36.764269,144.285267,Bendigo
3550,EAST BENDIGO,VIC,-36.764269,144.285267,Bendigo
3550,FLORA HILL,VIC,-36.764269,144.285267,Bendigo
3550,IRONBARK,VIC,-36.764269,144.285267,Bendigo
3550,KENNINGTON,VIC,-36.764269,144.285267,Bendigo
3550,LONG GULLY,VIC,-36.764269,144.285267,Bendigo
3550,NORTH BENDIGO,VIC,-36.764269,144.285267,Bendigo
3550,QUARRY HILL,VIC,-36.764269,144.285267,Bendigo
3550,SANDHURST EAST,VIC,-36.764269,144.285267,Bendigo
3550,SPRING GULLY,VIC,-36.764269,144.285267,Bendigo
3550,STRATHDALE,VIC,-36.764269,144.285267,Bendigo
3550,TYSONS REEF,VIC,-36.764269,144.285267,Bendigo
3550,WEST BENDIGO,VIC,-36.764269,144.285267,Bendigo
3550,WHITE HILLS,VIC,-36.764269,144.285267,Bendigo
3551,ARNOLD,VIC,-36.78137,144.457937,Shepparton
3551,ARNOLD WEST,VIC,-36.78137,144.457937,Shepparton
3551,ASCOT,VIC,-36.78137,144.457937,Shepparton
3551,AXE CREEK,VIC,-36.78137,144.457937,Shepparton
3551,AXEDALE,VIC,-36.78137,144.457937,Shepparton
3551,BAGSHOT,VIC,-36.78137,144.457937,Shepparton
3551,BAGSHOT NORTH,VIC,-36.78137,144.457937,Shepparton
3551,BENDIGO FORWARD,VIC,-36.78137,144.457937,Shepparton
3551,CORNELLA,VIC,-36.78137,144.457937,Shepparton
3551,CREEK VIEW,VIC,-36.59845103,144.6456354,Shepparton
3551,EMU CREEK,VIC,-36.78137,144.457937,Shepparton
3551,EPPALOCK,VIC,-36.78137,144.457937,Shepparton
3551,EPSOM,VIC,-36.78137,144.457937,Shepparton
3551,HUNTLY,VIC,-36.78137,144.457937,Shepparton
3551,HUNTLY NORTH,VIC,-36.78137,144.457937,Shepparton
3551,JUNORTOUN,VIC,-36.78137,144.457937,Shepparton
3551,KIMBOLTON,VIC,-36.78137,144.457937,Shepparton
3551,LAKE EPPALOCK,VIC,-36.88282226,144.5982185,Shepparton
3551,LLANELLY,VIC,-36.78137,144.457937,Shepparton
3551,LOCKWOOD,VIC,-36.78137,144.457937,Shepparton
3551,LOCKWOOD SOUTH,VIC,-36.78137,144.457937,Shepparton
3551,LONGLEA,VIC,-36.78137,144.457937,Shepparton
3551,MAIDEN GULLY,VIC,-36.78137,144.457937,Shepparton
3551,MANDURANG,VIC,-36.78137,144.457937,Shepparton
3551,MANDURANG SOUTH,VIC,-36.78137,144.457937,Shepparton
3551,MINTO,VIC,-36.78137,144.457937,Shepparton
3551,MOSQUITO CREEK,VIC,-36.78137,144.457937,Shepparton
3551,MURPHYS CREEK,VIC,-36.78137,144.457937,Shepparton
3551,MYOLA,VIC,-36.78137,144.457937,Shepparton
3551,MYOLA EAST,VIC,-36.78137,144.457937,Shepparton
3551,MYRTLE CREEK,VIC,-36.93636806,144.4059296,Shepparton
3551,NEWBRIDGE,VIC,-36.78137,144.457937,Shepparton
3551,PAINSWICK,VIC,-36.78137,144.457937,Shepparton
3551,PILCHERS BRIDGE,VIC,-36.78137,144.457937,Shepparton
3551,SEDGWICK,VIC,-36.78137,144.457937,Shepparton
3551,STRATHFIELDSAYE,VIC,-36.78137,144.457937,Shepparton
3551,TARNAGULLA,VIC,-36.78137,144.457937,Shepparton
3551,TOOLLEEN,VIC,-36.78137,144.457937,Shepparton
3551,WAANYARRA,VIC,-36.78137,144.457937,Shepparton
3551,WELLSFORD,VIC,-36.78137,144.457937,Shepparton
3551,WOODSTOCK ON LODDON,VIC,-36.78137,144.457937,Shepparton
3555,BIG HILL,VIC,-36.777226,144.245239,Bendigo
3555,GOLDEN GULLY,VIC,-36.777226,144.245239,Bendigo
3555,GOLDEN SQUARE,VIC,-36.777226,144.245239,Bendigo
3555,KANGAROO FLAT,VIC,-36.777226,144.245239,Bendigo
3555,LANSELL PLAZA,VIC,-36.777226,144.245239,Bendigo
3555,SPECIMEN HILL,VIC,-36.777226,144.245239,Bendigo
3556,CALIFORNIA GULLY,VIC,-36.656422,144.178282,Bendigo
3556,CAMPBELLS FOREST,VIC,-36.656422,144.178282,Bendigo
3556,COMET HILL,VIC,-36.656422,144.178282,Bendigo
3556,EAGLEHAWK,VIC,-36.656422,144.178282,Bendigo
3556,EAGLEHAWK NORTH,VIC,-36.656422,144.178282,Bendigo
3556,JACKASS FLAT,VIC,-36.656422,144.178282,Bendigo
3556,MYERS FLAT,VIC,-36.656422,144.178282,Bendigo
3556,SAILORS GULLY,VIC,-36.656422,144.178282,Bendigo
3556,SEBASTIAN,VIC,-36.656422,144.178282,Bendigo
3556,WHIPSTICK,VIC,-36.656422,144.178282,Bendigo
3556,WOODVALE,VIC,-36.656422,144.178282,Bendigo
3557,BARNADOWN,VIC,-36.63511,144.576787,Shepparton
3557,FOSTERVILLE,VIC,-36.63511,144.576787,Shepparton
3557,GOORNONG,VIC,-36.63511,144.576787,Shepparton
3557,MUSKERRY,VIC,-36.63511,144.576787,Shepparton
3557,MUSKERRY EAST,VIC,-36.63511,144.576787,Shepparton
3558,BURNEWANG,VIC,-36.51553,144.638363,Shepparton
3558,COROP WEST,VIC,-36.51553,144.638363,Shepparton
3558,CREEK VIEW,VIC,-36.51553,144.638363,Shepparton
3558,ELMORE,VIC,-36.51553,144.638363,Shepparton
3558,HUNTER,VIC,-36.51553,144.638363,Shepparton
3558,RUNNYMEDE,VIC,-36.54452949,144.6702395,Shepparton
3559,AVONMORE,VIC,-36.570077,144.805307,Shepparton
3559,BURRAMBOOT,VIC,-36.53002718,144.8317218,Shepparton
3559,COLBINABBIN,VIC,-36.570077,144.805307,Shepparton
3559,COROP,VIC,-36.570077,144.805307,Shepparton
3559,GOBARUP,VIC,-36.67769551,144.8712631,Shepparton
3559,LYNDALE,VIC,-36.570077,144.805307,Shepparton
3559,MAYREEF,VIC,-36.570077,144.805307,Shepparton
3559,RUNNYMEDE,VIC,-36.570077,144.805307,Shepparton
3561,BALLENDELLA,VIC,-36.321109,144.709543,Shepparton
3561,BAMAWM,VIC,-36.321109,144.709543,Shepparton
3561,BAMAWM EXTENSION,VIC,-36.321109,144.709543,Shepparton
3561,BONN,VIC,-36.40526528,144.7181934,Shepparton
3561,DIGGORA,VIC,-36.321109,144.709543,Shepparton
3561,DIGGORA WEST,VIC,-36.321109,144.709543,Shepparton
3561,FAIRY DELL,VIC,-36.321109,144.709543,Shepparton
3561,NANNEELLA,VIC,-36.321109,144.709543,Shepparton
3561,ROCHESTER,VIC,-36.321109,144.709543,Shepparton
3561,ROCHESTER WEST,VIC,-36.321109,144.709543,Shepparton
3561,THE SETTLEMENT,VIC,-36.321109,144.709543,Shepparton
3561,TIMMERING,VIC,-36.321109,144.709543,Shepparton
3562,TORRUMBARRY,VIC,-36.062544,144.46276,Shepparton
3563,LOCKINGTON,VIC,-36.256251,144.515589,Shepparton
3564,BAMAWM EXTENSION,VIC,-36.18096611,144.6014151,Shepparton
3564,CAMPASPE WEST,VIC,-36.168997,144.728806,Shepparton
3564,ECHUCA,VIC,-36.168997,144.728806,Shepparton
3564,ECHUCA EAST,VIC,-36.168997,144.728806,Shepparton
3564,ECHUCA SOUTH,VIC,-36.168997,144.728806,Shepparton
3564,ECHUCA VILLAGE,VIC,-36.168997,144.728806,Shepparton
3564,ECHUCA WEST,VIC,-36.168997,144.728806,Shepparton
3564,KANYAPELLA,VIC,-36.168997,144.728806,Shepparton
3564,MCEVOYS,VIC,-36.168997,144.728806,Shepparton
3564,PATHO,VIC,-36.168997,144.728806,Shepparton
3564,PATHO WEST,VIC,-36.168997,144.728806,Shepparton
3564,ROSLYNMEAD,VIC,-36.168997,144.728806,Shepparton
3564,SIMMIE,VIC,-36.168997,144.728806,Shepparton
3564,WHARPARILLA,VIC,-36.168997,144.728806,Shepparton
3565,KOTTA,VIC,-36.182336,144.511713,Shepparton
3566,GUNBOWER,VIC,-35.945748,144.383334,Shepparton
3567,HORFIELD,VIC,-35.931669,144.262942,North West
3567,LEITCHVILLE,VIC,-35.931669,144.262942,North West
3570,AUCHMORE,VIC,-36.515303,144.28053,Bendigo
3570,DRUMMARTIN,VIC,-36.515303,144.28053,Bendigo
3570,KAMAROOKA,VIC,-36.515303,144.28053,Bendigo
3570,NEILBOROUGH,VIC,-36.515303,144.28053,Bendigo
3570,RAYWOOD,VIC,-36.515303,144.28053,Bendigo
3570,SUMMERFIELD,VIC,-36.515303,144.28053,Bendigo
3571,DINGEE,VIC,-36.36819,144.206865,Bendigo
3571,KAMAROOKA NORTH,VIC,-36.36819,144.206865,Bendigo
3571,POMPAPIEL,VIC,-36.36819,144.206865,Bendigo
3571,TANDARRA,VIC,-36.36819,144.206865,Bendigo
3571,YALLOOK,VIC,-36.36819,144.206865,Bendigo
3572,MILLOO,VIC,-36.266642,144.257135,Shepparton
3572,PIAVELLA,VIC,-36.266642,144.257135,Shepparton
3572,PRAIRIE,VIC,-36.266642,144.257135,Shepparton
3572,TENNYSON,VIC,-36.266642,144.257135,Shepparton
3573,CALIVIL,VIC,-36.164865,144.297958,Shepparton
3573,MITIAMO,VIC,-36.164865,144.297958,Shepparton
3573,PINE GROVE,VIC,-36.164865,144.297958,Shepparton
3573,PINE GROVE EAST,VIC,-36.164865,144.297958,Shepparton
3573,TERRICK TERRICK EAST,VIC,-36.164865,144.297958,Shepparton
3575,BALD ROCK,VIC,-36.055725,144.159028,Bendigo
3575,GLADFIELD,VIC,-36.055725,144.159028,Bendigo
3575,JUNGABURRA,VIC,-36.055725,144.159028,Bendigo
3575,LODDON VALE,VIC,-36.055725,144.159028,Bendigo
3575,MINCHA,VIC,-36.055725,144.159028,Bendigo
3575,MOLOGA,VIC,-36.055725,144.159028,Bendigo
3575,PYRAMID HILL,VIC,-36.055725,144.159028,Bendigo
3575,SYLVATERRE,VIC,-36.055725,144.159028,Bendigo
3575,TERRICK TERRICK,VIC,-36.055725,144.159028,Bendigo
3575,YARRAWALLA,VIC,-36.055725,144.159028,Bendigo
3576,DURHAM OX,VIC,-36.128029,143.917515,Bendigo
3607,TABILK,VIC,-36.839707,145.179762,Hume
3608,BAILIESTON,VIC,-36.740713,145.095753,Shepparton
3608,GOULBURN WEIR,VIC,-36.740713,145.095753,Shepparton
3608,GRAYTOWN,VIC,-36.740713,145.095753,Shepparton
3608,KIRWANS BRIDGE,VIC,-36.740713,145.095753,Shepparton
3608,MITCHELLSTOWN,VIC,-36.740713,145.095753,Shepparton
3608,NAGAMBIE,VIC,-36.740713,145.095753,Shepparton
3608,WAHRING,VIC,-36.740713,145.095753,Shepparton
3608,WIRRATE,VIC,-36.740713,145.095753,Shepparton
3610,DHURRINGILE,VIC,-36.577628,145.229349,Shepparton
3610,MOORILIM,VIC,-36.577628,145.229349,Shepparton
3610,MURCHISON,VIC,-36.577628,145.229349,Shepparton
3610,MURCHISON EAST,VIC,-36.577628,145.229349,Shepparton
3610,MURCHISON NORTH,VIC,-36.577628,145.229349,Shepparton
3612,MOORA,VIC,-36.575936,145.019312,Shepparton
3612,RUSHWORTH,VIC,-36.575936,145.019312,Shepparton
3612,WANALTA,VIC,-36.575936,145.019312,Shepparton
3612,WARANGA,VIC,-36.575936,145.019312,Shepparton
3612,WARANGA SHORES,VIC,-36.54807055,145.0911963,Shepparton
3612,WHROO,VIC,-36.575936,145.019312,Shepparton
3614,TOOLAMBA,VIC,-36.479193,145.30098,Shepparton
3614,TOOLAMBA WEST,VIC,-36.48360219,145.2688853,Shepparton
3616,COOMA,VIC,-36.464118,145.145217,Shepparton
3616,GILLIESTON,VIC,-36.464118,145.145217,Shepparton
3616,GIRGARRE EAST,VIC,-36.464118,145.145217,Shepparton
3616,HARSTON,VIC,-36.464118,145.145217,Shepparton
3616,MOOROOPNA NORTH WEST,VIC,-36.464118,145.145217,Shepparton
3616,TATURA,VIC,-36.464118,145.145217,Shepparton
3616,TATURA EAST,VIC,-36.464118,145.145217,Shepparton
3616,TOOLAMBA WEST,VIC,-36.464118,145.145217,Shepparton
3616,WARANGA,VIC,-36.49176389,145.068314,Shepparton
3617,BYRNESIDE,VIC,-36.423823,145.178369,Shepparton
3618,MERRIGUM,VIC,-36.37708,145.125014,Shepparton
3620,KYABRAM,VIC,-36.284584,145.082735,Shepparton
3620,KYABRAM SOUTH,VIC,-36.38493145,145.0857804,Shepparton
3620,LANCASTER,VIC,-36.284584,145.082735,Shepparton
3620,MOUNT SCOBIE,VIC,-36.284584,145.082735,Shepparton
3620,ST GERMAINS,VIC,-36.284584,145.082735,Shepparton
3620,TARIPTA,VIC,-36.284584,145.082735,Shepparton
3620,WYUNA,VIC,-36.284584,145.082735,Shepparton
3620,WYUNA EAST,VIC,-36.284584,145.082735,Shepparton
3621,KOYUGA SOUTH,VIC,-36.206055,144.961183,Shepparton
3621,KY VALLEY,VIC,-36.206055,144.961183,Shepparton
3621,KY WEST,VIC,-36.206055,144.961183,Shepparton
3621,KYVALLEY,VIC,-36.28071633,145.0055758,Shepparton
3621,TONGALA,VIC,-36.206055,144.961183,Shepparton
3621,YAMBUNA,VIC,-36.206055,144.961183,Shepparton
3622,CORNELIA CREEK,VIC,-36.231961,144.87573,Shepparton
3622,KOYUGA,VIC,-36.231961,144.87573,Shepparton
3622,STRATHALLAN,VIC,-36.231961,144.87573,Shepparton
3623,CARAG CARAG,VIC,-36.461381,144.976813,Shepparton
3623,STANHOPE,VIC,-36.461381,144.976813,Shepparton
3623,STANHOPE SOUTH,VIC,-36.461381,144.976813,Shepparton
3624,GIRGARRE,VIC,-36.410186,144.965763,Shepparton
3629,ARDMONA,VIC,-36.287306,145.260653,Shepparton
3629,COOMBOONA,VIC,-36.287306,145.260653,Shepparton
3629,MOOROOPNA,VIC,-36.287306,145.260653,Shepparton
3629,MOOROOPNA NORTH,VIC,-36.287306,145.260653,Shepparton
3629,UNDERA,VIC,-36.287306,145.260653,Shepparton
3630,BENARCH,VIC,-36.380853,145.403176,Shepparton
3630,BRANDITT,VIC,-36.380853,145.403176,Shepparton
3630,CANIAMBO,VIC,-36.380853,145.403176,Shepparton
3630,COLLIVER,VIC,-36.380853,145.403176,Shepparton
3630,DUNKIRK,VIC,-36.380853,145.403176,Shepparton
3630,SHEPPARTON,VIC,-36.380853,145.403176,Shepparton
3630,SHEPPARTON SOUTH,VIC,-36.380853,145.403176,Shepparton
3631,ARCADIA,VIC,-36.428694,145.526693,Shepparton
3631,ARCADIA SOUTH,VIC,-36.428694,145.526693,Shepparton
3631,BRANDITT,VIC,-36.428694,145.526693,Shepparton
3631,COSGROVE,VIC,-36.428694,145.526693,Shepparton
3631,COSGROVE SOUTH,VIC,-36.428694,145.526693,Shepparton
3631,GRAHAMVALE,VIC,-36.428694,145.526693,Shepparton
3631,KARRAMOMUS,VIC,-36.428694,145.526693,Shepparton
3631,KIALLA,VIC,-36.428694,145.526693,Shepparton
3631,KIALLA EAST,VIC,-36.428694,145.526693,Shepparton
3631,KIALLA WEST,VIC,-36.428694,145.526693,Shepparton
3631,LEMNOS,VIC,-36.428694,145.526693,Shepparton
3631,ORRVALE,VIC,-36.428694,145.526693,Shepparton
3631,PINE LODGE,VIC,-36.428694,145.526693,Shepparton
3631,SHEPPARTON EAST,VIC,-36.428694,145.526693,Shepparton
3631,SHEPPARTON NORTH,VIC,-36.428694,145.526693,Shepparton
3631,TAMLEUGH WEST,VIC,-36.428694,145.526693,Shepparton
3633,CONGUPNA,VIC,-36.307936,145.46296,Shepparton
3634,BUNBARTHA,VIC,-36.224186,145.440315,Shepparton
3634,INVERGORDON SOUTH,VIC,-36.224186,145.440315,Shepparton
3634,KATANDRA,VIC,-36.224186,145.440315,Shepparton
3634,KATANDRA WEST,VIC,-36.224186,145.440315,Shepparton
3634,MARIONVALE,VIC,-36.224186,145.440315,Shepparton
3634,MARUNGI,VIC,-36.224186,145.440315,Shepparton
3634,TALLYGAROOPNA,VIC,-36.224186,145.440315,Shepparton
3634,ZEERUST,VIC,-36.224186,145.440315,Shepparton
3635,KAARIMBA,VIC,-36.142596,145.30827,Shepparton
3635,MUNDOONA,VIC,-36.142596,145.30827,Shepparton
3635,WUNGHNU,VIC,-36.142596,145.30827,Shepparton
3636,DRUMANURE,VIC,-36.093878,145.479471,Shepparton
3636,INVERGORDON,VIC,-36.093878,145.479471,Shepparton
3636,NARING,VIC,-36.093878,145.479471,Shepparton
3636,NUMURKAH,VIC,-36.093878,145.479471,Shepparton
3637,WAAIA,VIC,-36.050686,145.329026,Shepparton
3637,YALCA,VIC,-36.050686,145.329026,Shepparton
3638,KOTUPNA,VIC,-36.03202,145.246572,Shepparton
3638,NATHALIA,VIC,-36.03202,145.246572,Shepparton
3638,YIELIMA,VIC,-36.03202,145.246572,Shepparton
3639,BARMAH,VIC,-36.021295,145.047253,Shepparton
3639,LOWER MOIRA,VIC,-36.021295,145.047253,Shepparton
3639,PICOLA,VIC,-36.021295,145.047253,Shepparton
3639,PICOLA WEST,VIC,-36.021295,145.047253,Shepparton
3640,KATUNGA,VIC,-36.00978,145.486015,Shepparton
3646,DOOKIE,VIC,-36.247446,145.704042,Shepparton
3646,MOUNT MAJOR,VIC,-36.247446,145.704042,Shepparton
3646,NALINGA,VIC,-36.247446,145.704042,Shepparton
3646,WAGGARANDALL,VIC,-36.24491655,145.7669016,Shepparton
3646,WATTVILLE,VIC,-36.247446,145.704042,Shepparton
3646,YABBA NORTH,VIC,-36.247446,145.704042,Shepparton
3646,YABBA SOUTH,VIC,-36.247446,145.704042,Shepparton
3646,YOUANMITE,VIC,-36.247446,145.704042,Shepparton
3649,KATAMATITE,VIC,-36.082665,145.688671,Shepparton
3649,KATAMATITE EAST,VIC,-36.082665,145.688671,Shepparton
3658,BROADFORD,VIC,-37.241401,145.111854,Melbourne - North East
3658,CLONBINANE,VIC,-37.35670207,145.1574765,Melbourne - North East
3658,FLOWERDALE,VIC,-37.241401,145.111854,Melbourne - North East
3658,HAZELDENE,VIC,-37.241401,145.111854,Melbourne - North East
3658,REEDY CREEK,VIC,-37.241401,145.111854,Melbourne - North East
3658,STRATH CREEK,VIC,-37.241401,145.111854,Melbourne - North East
3658,SUGARLOAF CREEK,VIC,-37.12839823,145.0277018,Melbourne - North East
3658,SUNDAY CREEK,VIC,-37.241401,145.111854,Melbourne - North East
3658,TYAAK,VIC,-37.241401,145.111854,Melbourne - North East
3658,WATERFORD PARK,VIC,-37.241401,145.111854,Melbourne - North East
3659,SUGARLOAF CREEK,VIC,-37.110344,145.07088,Hume
3659,TALLAROOK,VIC,-37.110344,145.07088,Hume
3660,CAVEAT,VIC,-37.035925,145.257867,Hume
3660,DROPMORE,VIC,-37.035925,145.257867,Hume
3660,DYSART,VIC,-37.035925,145.257867,Hume
3660,HIGHLANDS,VIC,-37.035925,145.257867,Hume
3660,HILLDENE,VIC,-37.03704373,145.0457777,Hume
3660,KERRISDALE,VIC,-37.035925,145.257867,Hume
3660,KOBYBOYN,VIC,-37.035925,145.257867,Hume
3660,NORTHWOOD,VIC,-37.035925,145.257867,Hume
3660,SEYMOUR,VIC,-37.035925,145.257867,Hume
3660,SEYMOUR SOUTH,VIC,-37.035925,145.257867,Hume
3660,TRAWOOL,VIC,-37.035925,145.257867,Hume
3660,WHITEHEADS CREEK,VIC,-37.035925,145.257867,Hume
3662,PUCKAPUNYAL,VIC,-36.9356483,144.9486555,Hume
3662,PUCKAPUNYAL MILPO,VIC,-36.939204,144.960214,Hume
3663,MANGALORE,VIC,-36.910878,145.158863,Hume
3664,AVENEL,VIC,-36.927251,145.298203,Hume
3664,UPTON HILL,VIC,-36.89547953,145.4034627,Hume
3665,LOCKSLEY,VIC,-36.844091,145.357627,Hume
3665,LONGWOOD,VIC,-36.844091,145.357627,Hume
3665,PRANJIP,VIC,-36.844091,145.357627,Hume
3666,BALMATTUM,VIC,-36.786777,145.565512,Hume
3666,CREIGHTON,VIC,-36.786777,145.565512,Hume
3666,CREIGHTONS CREEK,VIC,-36.786777,145.565512,Hume
3666,EUROA,VIC,-36.786777,145.565512,Hume
3666,GOORAM,VIC,-36.786777,145.565512,Hume
3666,KELVIN VIEW,VIC,-36.786777,145.565512,Hume
3666,KITHBROOK,VIC,-36.786777,145.565512,Hume
3666,LONGWOOD EAST,VIC,-36.8382328,145.4559546,Hume
3666,MIEPOLL,VIC,-36.786777,145.565512,Hume
3666,MOGLONEMBY,VIC,-36.786777,145.565512,Hume
3666,MOLKA,VIC,-36.786777,145.565512,Hume
3666,PRANJIP,VIC,-36.73207618,145.3825696,Hume
3666,RIGGS CREEK,VIC,-36.786777,145.565512,Hume
3666,RUFFY,VIC,-36.786777,145.565512,Hume
3666,SHEANS CREEK,VIC,-36.786777,145.565512,Hume
3666,STRATHBOGIE,VIC,-36.786777,145.565512,Hume
3666,TARCOMBE,VIC,-36.786777,145.565512,Hume
3669,BOHO,VIC,-36.625333,145.708668,Shepparton
3669,BOHO SOUTH,VIC,-36.625333,145.708668,Shepparton
3669,CREEK JUNCTION,VIC,-36.625333,145.708668,Shepparton
3669,EARLSTON,VIC,-36.625333,145.708668,Shepparton
3669,GOWANGARDIE,VIC,-36.625333,145.708668,Shepparton
3669,KOONDA,VIC,-36.625333,145.708668,Shepparton
3669,MARRAWEENEY,VIC,-36.625333,145.708668,Shepparton
3669,TAMLEUGH,VIC,-36.625333,145.708668,Shepparton
3669,TAMLEUGH NORTH,VIC,-36.625333,145.708668,Shepparton
3669,UPOTIPOTPON,VIC,-36.49668169,145.8003272,Shepparton
3669,VIOLET TOWN,VIC,-36.625333,145.708668,Shepparton
3670,BADDAGINNIE,VIC,-36.623748,145.852449,Hume
3670,TARNOOK,VIC,-36.623748,145.852449,Hume
3670,WARRENBAYNE,VIC,-36.623748,145.852449,Hume
3672,BENALLA,VIC,-36.554936,145.977761,Hume
3672,BENALLA WEST,VIC,-36.554936,145.977761,Hume
3673,BENALLA,VIC,-36.669929,146.062514,Hume
3673,BROKEN CREEK,VIC,-36.669929,146.062514,Hume
3673,GOOMALIBEE,VIC,-36.669929,146.062514,Hume
3673,KILFEERA,VIC,-36.669929,146.062514,Hume
3673,LAKE MOKOAN,VIC,-36.669929,146.062514,Hume
3673,LIMA,VIC,-36.669929,146.062514,Hume
3673,LIMA EAST,VIC,-36.669929,146.062514,Hume
3673,LIMA SOUTH,VIC,-36.669929,146.062514,Hume
3673,LURG,VIC,-36.669929,146.062514,Hume
3673,MOLYULLAH,VIC,-36.669929,146.062514,Hume
3673,MOORNGAG,VIC,-36.669929,146.062514,Hume
3673,SAMARIA,VIC,-36.669929,146.062514,Hume
3673,SWANPOOL,VIC,-36.669929,146.062514,Hume
3673,TATONG,VIC,-36.669929,146.062514,Hume
3673,UPOTIPOTPON,VIC,-36.669929,146.062514,Hume
3673,UPPER LURG,VIC,-36.669929,146.062514,Hume
3673,UPPER RYANS CREEK,VIC,-36.669929,146.062514,Hume
3673,WINTON,VIC,-36.669929,146.062514,Hume
3673,WINTON NORTH,VIC,-36.669929,146.062514,Hume
3675,BOWEYA,VIC,-36.565078,146.266835,Shepparton
3675,BOWEYA NORTH,VIC,-36.565078,146.266835,Shepparton
3675,GLENROWAN,VIC,-36.565078,146.266835,Shepparton
3675,GLENROWAN WEST,VIC,-36.565078,146.266835,Shepparton
3675,GRETA,VIC,-36.565078,146.266835,Shepparton
3675,GRETA SOUTH,VIC,-36.565078,146.266835,Shepparton
3675,GRETA WEST,VIC,-36.565078,146.266835,Shepparton
3675,HANSONVILLE,VIC,-36.565078,146.266835,Shepparton
3675,MOUNT BRUNO,VIC,-36.565078,146.266835,Shepparton
3675,TAMINICK,VIC,-36.565078,146.266835,Shepparton
3678,BOBINAWARRAH,VIC,-36.68892,146.482439,Shepparton
3678,BOORHAMAN,VIC,-36.68892,146.482439,Shepparton
3678,BOORHAMAN EAST,VIC,-36.68892,146.482439,Shepparton
3678,BOWSER,VIC,-36.68892,146.482439,Shepparton
3678,BYAWATHA,VIC,-36.68892,146.482439,Shepparton
3678,CARBOOR,VIC,-36.68892,146.482439,Shepparton
3678,CHESHUNT,VIC,-36.68892,146.482439,Shepparton
3678,CHESHUNT SOUTH,VIC,-36.68892,146.482439,Shepparton
3678,DOCKER,VIC,-36.68892,146.482439,Shepparton
3678,DOCKERS PLAINS,VIC,-36.68892,146.482439,Shepparton
3678,EAST WANGARATTA,VIC,-36.68892,146.482439,Shepparton
3678,EDI,VIC,-36.68892,146.482439,Shepparton
3678,EDI UPPER,VIC,-36.68892,146.482439,Shepparton
3678,EVERTON,VIC,-36.68892,146.482439,Shepparton
3678,EVERTON UPPER,VIC,-36.68892,146.482439,Shepparton
3678,KILLAWARRA,VIC,-36.68892,146.482439,Shepparton
3678,KING VALLEY,VIC,-36.68892,146.482439,Shepparton
3678,LACEBY,VIC,-36.68892,146.482439,Shepparton
3678,LONDRIGAN,VIC,-36.68892,146.482439,Shepparton
3678,MARKWOOD,VIC,-36.68892,146.482439,Shepparton
3678,MEADOW CREEK,VIC,-36.68892,146.482439,Shepparton
3678,MILAWA,VIC,-36.68892,146.482439,Shepparton
3678,NORTH WANGARATTA,VIC,-36.68892,146.482439,Shepparton
3678,OXLEY,VIC,-36.68892,146.482439,Shepparton
3678,OXLEY FLATS,VIC,-36.68892,146.482439,Shepparton
3678,PEECHELBA,VIC,-36.68892,146.482439,Shepparton
3678,PEECHELBA EAST,VIC,-36.68892,146.482439,Shepparton
3678,ROSE RIVER,VIC,-36.68892,146.482439,Shepparton
3678,TARRAWINGEE,VIC,-36.68892,146.482439,Shepparton
3678,WABONGA,VIC,-36.68892,146.482439,Shepparton
3678,WALDARA,VIC,-36.68892,146.482439,Shepparton
3678,WANGANDARY,VIC,-36.68892,146.482439,Shepparton
3678,WANGARATTA FORWARD,VIC,-36.68892,146.482439,Shepparton
3678,WANGARATTA SOUTH,VIC,-36.68892,146.482439,Shepparton
3678,WHITLANDS,VIC,-36.68892,146.482439,Shepparton
3711,BUXTON,VIC,-37.41047,145.682161,Hume
3712,RUBICON,VIC,-37.3209,145.839057,Hume
3712,THORNTON,VIC,-37.3209,145.839057,Hume
3713,EILDON,VIC,-37.241527,145.90623,Hume
3713,LAKE EILDON,VIC,-37.241527,145.90623,Hume
3713,TAYLOR BAY,VIC,-37.20794843,145.880225,Hume
3714,ACHERON,VIC,-37.210538,145.687889,Hume
3714,ALEXANDRA,VIC,-37.210538,145.687889,Hume
3714,CATHKIN,VIC,-37.210538,145.687889,Hume
3714,CRYSTAL CREEK,VIC,-37.210538,145.687889,Hume
3714,DEVILS RIVER,VIC,-37.18897433,145.8060118,Hume
3714,FAWCETT,VIC,-37.210538,145.687889,Hume
3714,KORIELLA,VIC,-37.210538,145.687889,Hume
3714,MAINTONGOON,VIC,-37.13112911,145.7781021,Hume
3714,TAGGERTY,VIC,-37.210538,145.687889,Hume
3714,WHANREGARWEN,VIC,-37.2189348,145.6196525,Hume
3715,ANCONA,VIC,-36.985747,145.739419,Hume
3715,MERTON,VIC,-36.985747,145.739419,Hume
3715,WOODFIELD,VIC,-36.985747,145.739419,Hume
3717,FLOWERDALE,VIC,-37.286611,145.435776,Hume
3717,GHIN GHIN,VIC,-37.286611,145.435776,Hume
3717,GLENBURN,VIC,-37.286611,145.435776,Hume
3717,HOMEWOOD,VIC,-37.286611,145.435776,Hume
3717,KILLINGWORTH,VIC,-37.286611,145.435776,Hume
3717,LIMESTONE,VIC,-37.286611,145.435776,Hume
3717,MURRINDINDI,VIC,-37.286611,145.435776,Hume
3717,YEA,VIC,-37.286611,145.435776,Hume
3718,MOLESWORTH,VIC,-37.144067,145.54096,Hume
3719,GOBUR,VIC,-37.041215,145.608491,Hume
3719,KANUMBRA,VIC,-37.041215,145.608491,Hume
3719,TERIP TERIP,VIC,-37.041215,145.608491,Hume
3719,YARCK,VIC,-37.041215,145.608491,Hume
3720,BONNIE DOON,VIC,-37.017241,145.850304,Hume
3722,BARWITE,VIC,-37.202634,146.253268,Hume
3722,MANSFIELD,VIC,-37.202634,146.253268,Hume
3722,MIRIMBAH,VIC,-37.202634,146.253268,Hume
3723,ARCHERTON,VIC,-36.894465,146.256507,Latrobe - Gippsland
3723,BARJARG,VIC,-36.894465,146.256507,Latrobe - Gippsland
3723,BOOROLITE,VIC,-36.894465,146.256507,Latrobe - Gippsland
3723,BRIDGE CREEK,VIC,-36.894465,146.256507,Latrobe - Gippsland
3723,DELATITE,VIC,-36.894465,146.256507,Latrobe - Gippsland
3723,ENOCHS POINT,VIC,-37.41855045,146.1186202,Latrobe - Gippsland
3723,GAFFNEYS CREEK,VIC,-36.894465,146.256507,Latrobe - Gippsland
3723,GOUGHS BAY,VIC,-36.894465,146.256507,Latrobe - Gippsland
3723,HOWES CREEK,VIC,-36.894465,146.256507,Latrobe - Gippsland
3723,HOWQUA,VIC,-36.894465,146.256507,Latrobe - Gippsland
3723,HOWQUA HILLS,VIC,-36.894465,146.256507,Latrobe - Gippsland
3723,HOWQUA INLET,VIC,-36.894465,146.256507,Latrobe - Gippsland
3723,JAMIESON,VIC,-36.894465,146.256507,Latrobe - Gippsland
3723,KEVINGTON,VIC,-36.894465,146.256507,Latrobe - Gippsland
3723,KNOCKWOOD,VIC,-37.42570709,146.2594778,Latrobe - Gippsland
3723,MACS COVE,VIC,-36.894465,146.256507,Latrobe - Gippsland
3723,MAINDAMPLE,VIC,-36.894465,146.256507,Latrobe - Gippsland
3723,MATLOCK,VIC,-36.894465,146.256507,Latrobe - Gippsland
3723,MERRIJIG,VIC,-36.894465,146.256507,Latrobe - Gippsland
3723,MOUNT BULLER,VIC,-36.894465,146.256507,Latrobe - Gippsland
3723,MOUNTAIN BAY,VIC,-36.894465,146.256507,Latrobe - Gippsland
3723,NILLAHCOOTIE,VIC,-36.894465,146.256507,Latrobe - Gippsland
3723,PIRIES,VIC,-36.894465,146.256507,Latrobe - Gippsland
3723,SAWMILL SETTLEMENT,VIC,-36.894465,146.256507,Latrobe - Gippsland
3723,TOLMIE,VIC,-36.894465,146.256507,Latrobe - Gippsland
3723,WOODS POINT,VIC,-36.894465,146.256507,Latrobe - Gippsland
3725,BOXWOOD,VIC,-36.414359,145.937326,Hume
3725,CHESNEY VALE,VIC,-36.414359,145.937326,Hume
3725,GOORAMBAT,VIC,-36.414359,145.937326,Hume
3725,MAJOR PLAINS,VIC,-36.414359,145.937326,Hume
3725,STEWARTON,VIC,-36.414359,145.937326,Hume
3726,BUNGEET,VIC,-36.332254,145.960209,Hume
3726,BUNGEET WEST,VIC,-36.332254,145.960209,Hume
3726,DEVENISH,VIC,-36.332254,145.960209,Hume
3726,THOONA,VIC,-36.332254,145.960209,Hume
3727,ALMONDS,VIC,-36.242443,145.957776,Shepparton
3727,LAKE ROWAN,VIC,-36.242443,145.957776,Shepparton
3727,PELLUEBLA,VIC,-36.242443,145.957776,Shepparton
3727,ST JAMES,VIC,-36.242443,145.957776,Shepparton
3727,WAGGARANDALL,VIC,-36.242443,145.957776,Shepparton
3727,YUNDOOL,VIC,-36.242443,145.957776,Shepparton
3732,MOYHU,VIC,-36.686814,146.313751,Hume
3732,MYRRHEE,VIC,-36.686814,146.313751,Hume
3733,WHITFIELD,VIC,-36.812087,146.316338,Hume
3737,WONNANGATTA,VIC,-37.13823976,146.8156764,Hume
3750,WOLLERT,VIC,-37.596078,145.005578,Melbourne - North East
3751,WOODSTOCK,VIC,-37.554655,145.052904,Melbourne - North East
3752,MORANG SOUTH,VIC,-37.619102,145.074353,Melbourne - North East
3752,SOUTH MORANG,VIC,-37.619102,145.074353,Melbourne - North East
3753,BEVERIDGE,VIC,-37.476474,144.959512,Melbourne - North East
3754,DOREEN,VIC,-37.593554,145.112985,Melbourne - North East
3754,MERNDA,VIC,-37.593554,145.112985,Melbourne - North East
3755,YAN YEAN,VIC,-37.563905,145.142035,Melbourne - North East
3756,CHINTIN,VIC,-37.41233,144.956641,Melbourne - North West
3756,DARRAWEIT GUIM,VIC,-37.41233,144.956641,Melbourne - North West
3756,HIDDEN VALLEY,VIC,-37.41233,144.956641,Melbourne - North West
3756,UPPER PLENTY,VIC,-37.41233,144.956641,Melbourne - North West
3756,WALLAN,VIC,-37.41233,144.956641,Melbourne - North West
3756,WALLAN EAST,VIC,-37.41233,144.956641,Melbourne - North West
3757,BRUCES CREEK,VIC,-37.469784,145.182221,Melbourne - North East
3757,EDEN PARK,VIC,-37.469784,145.182221,Melbourne - North East
3757,HUMEVALE,VIC,-37.469784,145.182221,Melbourne - North East
3757,KINGLAKE CENTRAL,VIC,-37.469784,145.182221,Melbourne - North East
3757,KINGLAKE WEST,VIC,-37.469784,145.182221,Melbourne - North East
3757,PHEASANT CREEK,VIC,-37.469784,145.182221,Melbourne - North East
3757,WHITTLESEA,VIC,-37.469784,145.182221,Melbourne - North East
3758,HEATHCOTE JUNCTION,VIC,-37.354647,145.052552,Melbourne - North East
3758,WANDONG,VIC,-37.354647,145.052552,Melbourne - North East
3759,PANTON HILL,VIC,-37.650385,145.247277,Melbourne - North East
3760,SMITHS GULLY,VIC,-37.6269998,145.288344,Melbourne - North East
3763,KINGLAKE,VIC,-37.521863,145.353378,Melbourne - North East
3763,MOUNT SLIDE,VIC,-37.521863,145.353378,Melbourne - North East
3764,FORBES,VIC,-37.263736,144.900644,Melbourne - North West
3764,GLENAROUA,VIC,-37.263736,144.900644,Melbourne - North West
3764,HIGH CAMP,VIC,-37.263736,144.900644,Melbourne - North West
3764,KILMORE,VIC,-37.263736,144.900644,Melbourne - North West
3764,KILMORE EAST,VIC,-37.263736,144.900644,Melbourne - North West
3764,MORANDING,VIC,-37.263736,144.900644,Melbourne - North West
3764,TANTARABOO,VIC,-37.263736,144.900644,Melbourne - North West
3764,WILLOWMAVIN,VIC,-37.263736,144.900644,Melbourne - North West
3765,MONTROSE,VIC,-37.814771,145.346621,Melbourne - Outer East
3766,KALORAMA,VIC,-37.817818,145.384955,Melbourne - Outer East
3767,MOUNT DANDENONG,VIC,-37.839387,145.347505,Melbourne - Outer East
3770,COLDSTREAM,VIC,-37.708784,145.416004,Melbourne - Outer East
3770,GRUYERE,VIC,-37.708784,145.416004,Melbourne - Outer East
3770,YERING,VIC,-37.708784,145.416004,Melbourne - Outer East
3775,CHRISTMAS HILLS,VIC,-37.642852,145.365993,Melbourne - Outer East
3775,DIXONS CREEK,VIC,-37.642852,145.365993,Melbourne - Outer East
3775,STEELS CREEK,VIC,-37.642852,145.365993,Melbourne - Outer East
3775,TARRAWARRA,VIC,-37.642852,145.365993,Melbourne - Outer East
3775,YARRA GLEN,VIC,-37.642852,145.365993,Melbourne - Outer East
3777,BADGER CREEK,VIC,-37.606088,145.513804,Melbourne - Outer East
3777,CASTELLA,VIC,-37.606088,145.513804,Melbourne - Outer East
3777,CHUM CREEK,VIC,-37.606088,145.513804,Melbourne - Outer East
3777,HEALESVILLE,VIC,-37.606088,145.513804,Melbourne - Outer East
3777,HEALESVILLE MAIN STREET,VIC,-37.606088,145.513804,Melbourne - Outer East
3777,HEALESVILLE POST SHOP,VIC,-37.606088,145.513804,Melbourne - Outer East
3777,MOUNT TOOLEBEWONG,VIC,-37.606088,145.513804,Melbourne - Outer East
3777,TOOLANGI,VIC,-37.606088,145.513804,Melbourne - Outer East
3778,FERNSHAW,VIC,-37.537492,145.623011,Melbourne - Outer East
3778,NARBETHONG,VIC,-37.537492,145.623011,Melbourne - Outer East
3779,CAMBARVILLE,VIC,-37.539267,145.784751,Hume
3779,MARYSVILLE,VIC,-37.539267,145.784751,Hume
3781,COCKATOO,VIC,-37.938471,145.487862,Melbourne - South East
3781,MOUNT BURNETT,VIC,-37.938471,145.487862,Melbourne - South East
3781,NANGANA,VIC,-37.938471,145.487862,Melbourne - South East
3782,AVONSLEIGH,VIC,-37.938068,145.433024,Melbourne - South East
3782,CLEMATIS,VIC,-37.938068,145.433024,Melbourne - South East
3782,EMERALD,VIC,-37.938068,145.433024,Melbourne - South East
3782,MACCLESFIELD,VIC,-37.938068,145.433024,Melbourne - South East
3783,GEMBROOK,VIC,-37.947379,145.596576,Melbourne - South East
3785,TREMONT,VIC,-37.885138,145.316734,Melbourne - Outer East
3786,FERNY CREEK,VIC,-37.878188,145.332431,Melbourne - Outer East
3787,SASSAFRAS,VIC,-37.866786,145.350888,Melbourne - Outer East
3787,SASSAFRAS GULLY,VIC,-37.866786,145.350888,Melbourne - Outer East
3788,OLINDA,VIC,-37.848036,145.377128,Melbourne - Outer East
3789,SHERBROOKE,VIC,-37.889767,145.357336,Melbourne - Outer East
3791,KALLISTA,VIC,-37.896917,145.379622,Melbourne - Outer East
3792,THE PATCH,VIC,-37.89424,145.405388,Melbourne - Outer East
3793,MONBULK,VIC,-37.874533,145.429715,Melbourne - Outer East
3795,SILVAN,VIC,-37.836663,145.430311,Melbourne - Outer East
3796,MOUNT EVELYN,VIC,-37.786977,145.384922,Melbourne - Outer East
3797,GILDEROY,VIC,-37.867809,145.786343,Melbourne - Outer East
3797,GLADYSDALE,VIC,-37.867809,145.786343,Melbourne - Outer East
3797,POWELLTOWN,VIC,-37.867809,145.786343,Melbourne - Outer East
3797,THREE BRIDGES,VIC,-37.867809,145.786343,Melbourne - Outer East
3797,YARRA JUNCTION,VIC,-37.867809,145.786343,Melbourne - Outer East
3799,BIG PATS CREEK,VIC,-37.727566,145.818512,Melbourne - Outer East
3799,EAST WARBURTON,VIC,-37.727566,145.818512,Melbourne - Outer East
3799,MCMAHONS CREEK,VIC,-37.727566,145.818512,Melbourne - Outer East
3799,MILLGROVE,VIC,-37.727566,145.818512,Melbourne - Outer East
3799,REEFTON,VIC,-37.727566,145.818512,Melbourne - Outer East
3799,WARBURTON,VIC,-37.727566,145.818512,Melbourne - Outer East
3799,WESBURN,VIC,-37.727566,145.818512,Melbourne - Outer East
3800,MONASH UNIVERSITY,VIC,-37.910545,145.134935,Melbourne - South East
3802,ENDEAVOUR HILLS,VIC,-37.971763,145.255599,Melbourne - South East
3803,HALLAM,VIC,-38.009435,145.265524,Melbourne - South East
3804,NARRE WARREN EAST,VIC,-37.980059,145.325994,Melbourne - South East
3804,NARRE WARREN NORTH,VIC,-37.980059,145.325994,Melbourne - South East
3805,FOUNTAIN GATE,VIC,-38.037026,145.304198,Melbourne - South East
3805,NARRE WARREN,VIC,-38.037026,145.304198,Melbourne - South East
3805,NARRE WARREN SOUTH,VIC,-38.037026,145.304198,Melbourne - South East
3806,BERWICK,VIC,-38.025018,145.349488,Melbourne - South East
3806,HARKAWAY,VIC,-38.025018,145.349488,Melbourne - South East
3807,BEACONSFIELD,VIC,-38.048316,145.371635,Melbourne - South East
3807,GUYS HILL,VIC,-38.048316,145.371635,Melbourne - South East
3808,BEACONSFIELD UPPER,VIC,-38.002518,145.42327,Melbourne - South East
3808,DEWHURST,VIC,-38.002518,145.42327,Melbourne - South East
3809,OFFICER,VIC,-38.069094,145.406887,Melbourne - South East
3809,OFFICER SOUTH,VIC,-38.069094,145.406887,Melbourne - South East
3810,PAKENHAM,VIC,-38.04658,145.472514,Melbourne - South East
3810,PAKENHAM SOUTH,VIC,-38.04658,145.472514,Melbourne - South East
3810,PAKENHAM UPPER,VIC,-38.04658,145.472514,Melbourne - South East
3810,RYTHDALE,VIC,-38.04658,145.472514,Melbourne - South East
3812,MARYKNOLL,VIC,-38.070135,145.565304,Melbourne - South East
3812,NAR NAR GOON,VIC,-38.070135,145.565304,Melbourne - South East
3812,NAR NAR GOON NORTH,VIC,-38.070135,145.565304,Melbourne - South East
3813,TYNONG,VIC,-38.064252,145.634339,Melbourne - South East
3813,TYNONG NORTH,VIC,-38.064252,145.634339,Melbourne - South East
3814,CORA LYNN,VIC,-38.10718,145.669112,Melbourne - South East
3814,GARFIELD,VIC,-38.10718,145.669112,Melbourne - South East
3814,GARFIELD NORTH,VIC,-38.10718,145.669112,Melbourne - South East
3814,VERVALE,VIC,-38.10718,145.669112,Melbourne - South East
3815,BUNYIP,VIC,-38.01378,145.726311,Melbourne - South East
3815,BUNYIP NORTH,VIC,-38.01378,145.726311,Melbourne - South East
3815,IONA,VIC,-38.01378,145.726311,Melbourne - South East
3815,TONIMBUK,VIC,-38.01378,145.726311,Melbourne - South East
3816,LABERTOUCHE,VIC,-38.043542,145.787991,Melbourne - South East
3816,LONGWARRY,VIC,-38.043542,145.787991,Melbourne - South East
3816,LONGWARRY NORTH,VIC,-38.043542,145.787991,Melbourne - South East
3816,MODELLA,VIC,-38.043542,145.787991,Melbourne - South East
3818,ATHLONE,VIC,-38.096289,145.867337,Latrobe - Gippsland
3818,DROUIN,VIC,-38.096289,145.867337,Latrobe - Gippsland
3818,DROUIN EAST,VIC,-38.096289,145.867337,Latrobe - Gippsland
3818,DROUIN SOUTH,VIC,-38.096289,145.867337,Latrobe - Gippsland
3818,DROUIN WEST,VIC,-38.096289,145.867337,Latrobe - Gippsland
3818,HALLORA,VIC,-38.096289,145.867337,Latrobe - Gippsland
3818,JINDIVICK,VIC,-38.096289,145.867337,Latrobe - Gippsland
3818,RIPPLEBROOK,VIC,-38.096289,145.867337,Latrobe - Gippsland
3818,TARAGO,VIC,-38.096289,145.867337,Latrobe - Gippsland
3820,BONA VISTA,VIC,-38.207476,145.922212,Latrobe - Gippsland
3820,LILLICO,VIC,-38.207476,145.922212,Latrobe - Gippsland
3820,WARRAGUL,VIC,-38.207476,145.922212,Latrobe - Gippsland
3821,BRANDY CREEK,VIC,-37.919937,145.945214,Latrobe - Gippsland
3821,BRAVINGTON,VIC,-38.08301804,145.9226127,Latrobe - Gippsland
3821,BULN BULN,VIC,-37.919937,145.945214,Latrobe - Gippsland
3821,BULN BULN EAST,VIC,-37.919937,145.945214,Latrobe - Gippsland
3821,CROSSOVER,VIC,-37.919937,145.945214,Latrobe - Gippsland
3821,ELLINBANK,VIC,-37.919937,145.945214,Latrobe - Gippsland
3821,FERNDALE,VIC,-37.919937,145.945214,Latrobe - Gippsland
3821,LARDNER,VIC,-37.919937,145.945214,Latrobe - Gippsland
3821,NAYOOK,VIC,-37.919937,145.945214,Latrobe - Gippsland
3821,NEERIM JUNCTION,VIC,-37.919937,145.945214,Latrobe - Gippsland
3821,NEERIM NORTH,VIC,-37.919937,145.945214,Latrobe - Gippsland
3821,NILMA,VIC,-37.919937,145.945214,Latrobe - Gippsland
3821,NILMA NORTH,VIC,-37.919937,145.945214,Latrobe - Gippsland
3821,ROKEBY,VIC,-37.919937,145.945214,Latrobe - Gippsland
3821,SEAVIEW,VIC,-37.919937,145.945214,Latrobe - Gippsland
3821,SHADY CREEK,VIC,-37.919937,145.945214,Latrobe - Gippsland
3821,TETOORA ROAD,VIC,-37.919937,145.945214,Latrobe - Gippsland
3821,TORWOOD,VIC,-38.25783442,145.8742873,Latrobe - Gippsland
3821,WARRAGUL SOUTH,VIC,-37.919937,145.945214,Latrobe - Gippsland
3821,WARRAGUL WEST,VIC,-37.919937,145.945214,Latrobe - Gippsland
3822,CLOVERLEA,VIC,-38.194379,145.989901,Latrobe - Gippsland
3822,DARNUM,VIC,-38.194379,145.989901,Latrobe - Gippsland
3822,GAINSBOROUGH,VIC,-38.194379,145.989901,Latrobe - Gippsland
3823,ALLAMBEE,VIC,-38.210382,146.065656,Latrobe - Gippsland
3823,YARRAGON,VIC,-38.210382,146.065656,Latrobe - Gippsland
3823,YARRAGON SOUTH,VIC,-38.210382,146.065656,Latrobe - Gippsland
3824,CHILDERS,VIC,-38.245649,146.16397,Latrobe - Gippsland
3824,NARRACAN,VIC,-38.245649,146.16397,Latrobe - Gippsland
3824,THORPDALE SOUTH,VIC,-38.245649,146.16397,Latrobe - Gippsland
3824,TRAFALGAR,VIC,-38.245649,146.16397,Latrobe - Gippsland
3824,TRAFALGAR EAST,VIC,-38.245649,146.16397,Latrobe - Gippsland
3824,TRAFALGAR SOUTH,VIC,-38.245649,146.16397,Latrobe - Gippsland
3825,ABERFELDY,VIC,-37.978862,146.342932,Latrobe - Gippsland
3825,AMOR,VIC,-37.978862,146.342932,Latrobe - Gippsland
3825,BOOLA,VIC,-38.0485774,146.4605642,Latrobe - Gippsland
3825,CARINGAL,VIC,-37.978862,146.342932,Latrobe - Gippsland
3825,COALVILLE,VIC,-37.978862,146.342932,Latrobe - Gippsland
3825,COOPERS CREEK,VIC,-37.978862,146.342932,Latrobe - Gippsland
3825,ERICA,VIC,-37.978862,146.342932,Latrobe - Gippsland
3825,FUMINA,VIC,-37.978862,146.342932,Latrobe - Gippsland
3825,FUMINA SOUTH,VIC,-37.978862,146.342932,Latrobe - Gippsland
3825,HERNES OAK,VIC,-37.978862,146.342932,Latrobe - Gippsland
3825,HILL END,VIC,-37.978862,146.342932,Latrobe - Gippsland
3825,JACOB CREEK,VIC,-37.978862,146.342932,Latrobe - Gippsland
3825,JERICHO,VIC,-37.66622391,146.2288747,Latrobe - Gippsland
3825,MOE,VIC,-37.978862,146.342932,Latrobe - Gippsland
3825,MOE SOUTH,VIC,-37.978862,146.342932,Latrobe - Gippsland
3825,MOONDARRA,VIC,-37.978862,146.342932,Latrobe - Gippsland
3825,NEWBOROUGH,VIC,-37.978862,146.342932,Latrobe - Gippsland
3825,NEWBOROUGH EAST,VIC,-37.978862,146.342932,Latrobe - Gippsland
3825,RAWSON,VIC,-37.978862,146.342932,Latrobe - Gippsland
3825,TANJIL,VIC,-37.978862,146.342932,Latrobe - Gippsland
3825,TANJIL SOUTH,VIC,-37.978862,146.342932,Latrobe - Gippsland
3825,THALLOO,VIC,-38.08561743,146.3086546,Latrobe - Gippsland
3825,THALOO,VIC,-37.978862,146.342932,Latrobe - Gippsland
3825,THOMSON,VIC,-37.978862,146.342932,Latrobe - Gippsland
3825,TOOMBON,VIC,-37.72124292,146.4393424,Latrobe - Gippsland
3825,WALHALLA,VIC,-37.978862,146.342932,Latrobe - Gippsland
3825,WALHALLA EAST,VIC,-37.9325509,146.5807798,Latrobe - Gippsland
3825,WESTBURY,VIC,-37.978862,146.342932,Latrobe - Gippsland
3825,WILLOW GROVE,VIC,-37.978862,146.342932,Latrobe - Gippsland
3825,YALLOURN,VIC,-37.978862,146.342932,Latrobe - Gippsland
3825,YALLOURN NORTH,VIC,-37.978862,146.342932,Latrobe - Gippsland
3831,NEERIM,VIC,-37.993258,146.013136,Latrobe - Gippsland
3831,NEERIM EAST,VIC,-37.993258,146.013136,Latrobe - Gippsland
3831,NEERIM SOUTH,VIC,-37.993258,146.013136,Latrobe - Gippsland
3832,NAYOOK,VIC,-37.919937,145.945214,Latrobe - Gippsland
3832,NEERIM JUNCTION,VIC,-37.919937,145.945214,Latrobe - Gippsland
3832,NEERIM NORTH,VIC,-37.919937,145.945214,Latrobe - Gippsland
3833,ADA,VIC,-37.84222154,145.851865,Melbourne - Outer East
3833,BAW BAW,VIC,-37.829347,146.077886,Melbourne - Outer East
3833,BAW BAW VILLAGE,VIC,-37.829347,146.077886,Melbourne - Outer East
3833,GENTLE ANNIE,VIC,-37.93840381,145.8366168,Melbourne - Outer East
3833,ICY CREEK,VIC,-37.829347,146.077886,Melbourne - Outer East
3833,LOCH VALLEY,VIC,-37.829347,146.077886,Melbourne - Outer East
3833,MT BAW BAW,VIC,-37.829347,146.077886,Melbourne - Outer East
3833,NOOJEE,VIC,-37.829347,146.077886,Melbourne - Outer East
3833,PIEDMONT,VIC,-37.829347,146.077886,Melbourne - Outer East
3833,TANJIL BREN,VIC,-37.829347,146.077886,Melbourne - Outer East
3833,TOORONGO,VIC,-37.829347,146.077886,Melbourne - Outer East
3833,VESPER,VIC,-37.829347,146.077886,Melbourne - Outer East
3835,THORPDALE,VIC,-38.290637,146.175271,Latrobe - Gippsland
3840,DRIFFIELD,VIC,-38.245215,146.424457,Latrobe - Gippsland
3840,HAZELWOOD,VIC,-38.245215,146.424457,Latrobe - Gippsland
3840,HAZELWOOD NORTH,VIC,-38.245215,146.424457,Latrobe - Gippsland
3840,HAZELWOOD SOUTH,VIC,-38.245215,146.424457,Latrobe - Gippsland
3840,JEERALANG,VIC,-38.245215,146.424457,Latrobe - Gippsland
3840,JEERALANG JUNCTION,VIC,-38.245215,146.424457,Latrobe - Gippsland
3840,MARYVALE,VIC,-38.245215,146.424457,Latrobe - Gippsland
3840,MID VALLEY,VIC,-38.245215,146.424457,Latrobe - Gippsland
3840,MORWELL,VIC,-38.245215,146.424457,Latrobe - Gippsland
3840,MORWELL EAST,VIC,-38.245215,146.424457,Latrobe - Gippsland
3840,MORWELL UPPER,VIC,-38.245215,146.424457,Latrobe - Gippsland
3842,CHURCHILL,VIC,-38.315452,146.414358,Latrobe - Gippsland
3844,BLACKWARRY,VIC,-38.316869,146.607101,Latrobe - Gippsland
3844,CALLIGNEE,VIC,-38.316869,146.607101,Latrobe - Gippsland
3844,CALLIGNEE NORTH,VIC,-38.316869,146.607101,Latrobe - Gippsland
3844,CALLIGNEE SOUTH,VIC,-38.38048482,146.6035417,Latrobe - Gippsland
3844,CARRAJUNG,VIC,-38.316869,146.607101,Latrobe - Gippsland
3844,CARRAJUNG LOWER,VIC,-38.39234478,146.7391131,Latrobe - Gippsland
3844,CARRAJUNG SOUTH,VIC,-38.38123128,146.7999955,Latrobe - Gippsland
3844,FLYNN,VIC,-38.316869,146.607101,Latrobe - Gippsland
3844,FLYNNS CREEK,VIC,-38.316869,146.607101,Latrobe - Gippsland
3844,KOORNALLA,VIC,-38.316869,146.607101,Latrobe - Gippsland
3844,LOY YANG,VIC,-38.316869,146.607101,Latrobe - Gippsland
3844,MOUNT TASSIE,VIC,-38.38862898,146.5618972,Latrobe - Gippsland
3844,TRARALGON,VIC,-38.316869,146.607101,Latrobe - Gippsland
3844,TRARALGON EAST,VIC,-38.316869,146.607101,Latrobe - Gippsland
3844,TRARALGON SOUTH,VIC,-38.316869,146.607101,Latrobe - Gippsland
3844,TYERS,VIC,-38.316869,146.607101,Latrobe - Gippsland
3844,WILLUNG SOUTH,VIC,-38.316869,146.607101,Latrobe - Gippsland
3847,HIAMDALE,VIC,-38.166213,146.772991,Latrobe - Gippsland
3847,NAMBROK,VIC,-38.166213,146.772991,Latrobe - Gippsland
3847,ROSEDALE,VIC,-38.166213,146.772991,Latrobe - Gippsland
3847,WILLUNG,VIC,-38.166213,146.772991,Latrobe - Gippsland
3847,WILLUNG SOUTH,VIC,-38.32561417,146.8251888,Latrobe - Gippsland
3850,GIFFARD,VIC,-38.224191,147.106181,Latrobe - Gippsland
3850,GUTHRIDGE,VIC,-38.224191,147.106181,Latrobe - Gippsland
3850,SALE,VIC,-38.224191,147.106181,Latrobe - Gippsland
3850,SALE NORTH,VIC,-38.224191,147.106181,Latrobe - Gippsland
3850,WURRUK,VIC,-38.224191,147.106181,Latrobe - Gippsland
3851,AIRLY,VIC,-38.035548,147.084398,Latrobe - Gippsland
3851,BUNDALAGUAH,VIC,-38.035548,147.084398,Latrobe - Gippsland
3851,CLYDEBANK,VIC,-38.035548,147.084398,Latrobe - Gippsland
3851,COBAINS,VIC,-38.035548,147.084398,Latrobe - Gippsland
3851,DARRIMAN,VIC,-38.035548,147.084398,Latrobe - Gippsland
3851,DUTSON,VIC,-38.035548,147.084398,Latrobe - Gippsland
3851,DUTSON DOWNS,VIC,-38.035548,147.084398,Latrobe - Gippsland
3851,FLAMINGO BEACH,VIC,-38.035548,147.084398,Latrobe - Gippsland
3851,FULHAM,VIC,-38.035548,147.084398,Latrobe - Gippsland
3851,GIFFARD,VIC,-38.38411874,147.099754,Latrobe - Gippsland
3851,GIFFARD WEST,VIC,-38.035548,147.084398,Latrobe - Gippsland
3851,GLOMAR BEACH,VIC,-38.035548,147.084398,Latrobe - Gippsland
3851,GOLDEN BEACH,VIC,-38.035548,147.084398,Latrobe - Gippsland
3851,KILMANY,VIC,-38.035548,147.084398,Latrobe - Gippsland
3851,LAKE WELLINGTON,VIC,-38.035548,147.084398,Latrobe - Gippsland
3851,LOCH SPORT,VIC,-38.035548,147.084398,Latrobe - Gippsland
3851,LONGFORD,VIC,-38.035548,147.084398,Latrobe - Gippsland
3851,MONTGOMERY,VIC,-38.035548,147.084398,Latrobe - Gippsland
3851,MYRTLEBANK,VIC,-38.035548,147.084398,Latrobe - Gippsland
3851,PARADISE BEACH,VIC,-38.035548,147.084398,Latrobe - Gippsland
3851,PEARSONDALE,VIC,-38.035548,147.084398,Latrobe - Gippsland
3851,SEACOMBE,VIC,-38.035548,147.084398,Latrobe - Gippsland
3851,SEASPRAY,VIC,-38.035548,147.084398,Latrobe - Gippsland
3851,SOMERTON PARK,VIC,-38.035548,147.084398,Latrobe - Gippsland
3851,STRADBROKE,VIC,-38.035548,147.084398,Latrobe - Gippsland
3851,THE HEART,VIC,-38.035548,147.084398,Latrobe - Gippsland
3851,THE HONEYSUCKLES,VIC,-38.035548,147.084398,Latrobe - Gippsland
3852,EAST SALE,VIC,-38.10361729,147.1414369,Latrobe - Gippsland
3852,EAST SALE RAAF,VIC,-38.106731,147.134356,Latrobe - Gippsland
3852,SALE EAST RAAF,VIC,-38.106731,147.134356,Latrobe - Gippsland
3854,GLENGARRY,VIC,-38.12413,146.596877,Latrobe - Gippsland
3854,GLENGARRY NORTH,VIC,-38.12413,146.596877,Latrobe - Gippsland
3854,GLENGARRY WEST,VIC,-38.12413,146.596877,Latrobe - Gippsland
3856,TOONGABBIE,VIC,-38.063907,146.672206,Latrobe - Gippsland
3857,COWWARR,VIC,-38.018616,146.694894,Latrobe - Gippsland
3858,ARBUCKLE,VIC,-37.3690401,146.8291658,Latrobe - Gippsland
3858,BILLABONG,VIC,-37.24480987,146.80983,Latrobe - Gippsland
3858,BURAGWONDUC,VIC,-37.49088696,146.7706256,Latrobe - Gippsland
3858,CROOKAYAN,VIC,-37.48411474,146.6214281,Latrobe - Gippsland
3858,DAWSON,VIC,-37.821756,146.576101,Latrobe - Gippsland
3858,DENISON,VIC,-37.821756,146.576101,Latrobe - Gippsland
3858,GILLUM,VIC,-37.7535504,146.7352987,Latrobe - Gippsland
3858,GLEN FALLOCH,VIC,-37.821756,146.576101,Latrobe - Gippsland
3858,GLENFALLOCH,VIC,-37.69372058,146.6296585,Latrobe - Gippsland
3858,GLENMAGGIE,VIC,-37.821756,146.576101,Latrobe - Gippsland
3858,HEYFIELD,VIC,-37.821756,146.576101,Latrobe - Gippsland
3858,HOWITT PLAINS,VIC,-37.20631423,146.685872,Latrobe - Gippsland
3858,LICOLA,VIC,-37.821756,146.576101,Latrobe - Gippsland
3858,LICOLA NORTH,VIC,-37.821756,146.576101,Latrobe - Gippsland
3858,REYNARD,VIC,-37.35595129,146.6252375,Latrobe - Gippsland
3858,SARGOOD,VIC,-37.58636148,146.7389535,Latrobe - Gippsland
3858,SEATON,VIC,-37.821756,146.576101,Latrobe - Gippsland
3858,TAMBORITHA,VIC,-37.821756,146.576101,Latrobe - Gippsland
3858,WINNINDOO,VIC,-37.821756,146.576101,Latrobe - Gippsland
3858,WORROWING,VIC,-37.66889173,146.7419767,Latrobe - Gippsland
3858,YANGOURA,VIC,-37.82195914,146.5677589,Latrobe - Gippsland
3859,MAFFRA WEST UPPER,VIC,-37.886136,146.848259,Latrobe - Gippsland
3859,MEWBURN PARK,VIC,-37.886136,146.848259,Latrobe - Gippsland
3859,NEWRY,VIC,-37.886136,146.848259,Latrobe - Gippsland
3859,TINAMBA,VIC,-37.886136,146.848259,Latrobe - Gippsland
3859,TINAMBA WEST,VIC,-37.886136,146.848259,Latrobe - Gippsland
3860,BOISDALE,VIC,-37.571707,146.805175,Latrobe - Gippsland
3860,BRIAGOLONG,VIC,-37.571707,146.805175,Latrobe - Gippsland
3860,BUSHY PARK,VIC,-37.571707,146.805175,Latrobe - Gippsland
3860,COONGULLA,VIC,-37.571707,146.805175,Latrobe - Gippsland
3860,KOOROOL,VIC,-37.72619419,146.9425755,Latrobe - Gippsland
3860,MAFFRA,VIC,-37.571707,146.805175,Latrobe - Gippsland
3860,MONOMAK,VIC,-37.78389869,146.8250006,Latrobe - Gippsland
3860,MOROKA,VIC,-37.48991548,146.9388373,Latrobe - Gippsland
3860,NAP NAP MARRA,VIC,-37.57861321,146.8458785,Latrobe - Gippsland
3860,NUNTIN,VIC,-37.571707,146.805175,Latrobe - Gippsland
3860,RIVERSLEA,VIC,-37.571707,146.805175,Latrobe - Gippsland
3860,TOOLOME,VIC,-37.61645458,147.0534386,Latrobe - Gippsland
3860,VALENCIA CREEK,VIC,-37.571707,146.805175,Latrobe - Gippsland
3860,WOOLENOOK,VIC,-37.69783613,147.0446286,Latrobe - Gippsland
3860,WRATHUNG,VIC,-37.59554693,146.9492264,Latrobe - Gippsland
3860,WRIXON,VIC,-37.68351367,146.8512398,Latrobe - Gippsland
3862,BUDGEE BUDGEE,VIC,-37.55304411,147.130018,Latrobe - Gippsland
3862,MIOWERA,VIC,-37.4711505,147.0748445,Latrobe - Gippsland
3862,MOORNAPA,VIC,-37.69919183,147.1704522,Latrobe - Gippsland
3862,WONGUNGARRA,VIC,-37.25564455,147.0451171,Latrobe - Gippsland
3869,JUMBUK,VIC,-38.364689,146.359836,Latrobe - Gippsland
3869,YINNAR,VIC,-38.364689,146.359836,Latrobe - Gippsland
3869,YINNAR SOUTH,VIC,-38.364689,146.359836,Latrobe - Gippsland
3870,BOOLARRA,VIC,-38.437946,146.319351,Latrobe - Gippsland
3870,BOOLARRA SOUTH,VIC,-38.437946,146.319351,Latrobe - Gippsland
3870,BUDGEREE,VIC,-38.437946,146.319351,Latrobe - Gippsland
3870,BUDGEREE EAST,VIC,-38.437946,146.319351,Latrobe - Gippsland
3870,GRAND RIDGE,VIC,-38.47229711,146.3992787,Latrobe - Gippsland
3870,JOHNSTONES HILL,VIC,-38.437946,146.319351,Latrobe - Gippsland
3870,MIRBOO EAST,VIC,-38.437946,146.319351,Latrobe - Gippsland
3871,ALLAMBEE RESERVE,VIC,-38.42207,146.158866,Latrobe - Gippsland
3871,ALLAMBEE SOUTH,VIC,-38.42207,146.158866,Latrobe - Gippsland
3871,BAROMI,VIC,-38.40304542,146.1775109,Latrobe - Gippsland
3871,DARLIMURLA,VIC,-38.42207,146.158866,Latrobe - Gippsland
3871,DELBURN,VIC,-38.42207,146.158866,Latrobe - Gippsland
3871,DOLLAR,VIC,-38.42207,146.158866,Latrobe - Gippsland
3871,LIMONITE,VIC,-38.42207,146.158866,Latrobe - Gippsland
3871,MIRBOO,VIC,-38.42207,146.158866,Latrobe - Gippsland
3871,MIRBOO NORTH,VIC,-38.42207,146.158866,Latrobe - Gippsland
3871,TARWIN EAST,VIC,-38.42207,146.158866,Latrobe - Gippsland
3873,GORMANDALE,VIC,-38.298267,146.708775,Latrobe - Gippsland
3874,CARRAJUNG SOUTH,VIC,-38.514438,146.836248,Latrobe - Gippsland
3874,CHERRILONG,VIC,-38.514438,146.836248,Latrobe - Gippsland
3874,MCLOUGHLINS BEACH,VIC,-38.514438,146.836248,Latrobe - Gippsland
3874,WOODSIDE,VIC,-38.514438,146.836248,Latrobe - Gippsland
3874,WOODSIDE BEACH,VIC,-38.514438,146.836248,Latrobe - Gippsland
3874,WOODSIDE NORTH,VIC,-38.514438,146.836248,Latrobe - Gippsland
3910,LANGWARRIN,VIC,-38.156369,145.198328,Mornington Peninsula
3911,BAXTER,VIC,-38.196908,145.169556,Mornington Peninsula
3911,LANGWARRIN SOUTH,VIC,-38.196908,145.169556,Mornington Peninsula
3912,PEARCEDALE,VIC,-38.217991,145.227373,Mornington Peninsula
3912,SOMERVILLE,VIC,-38.217991,145.227373,Mornington Peninsula
3913,TYABB,VIC,-38.262273,145.166426,Mornington Peninsula
3915,HASTINGS,VIC,-38.305806,145.136622,Mornington Peninsula
3915,TUERONG,VIC,-38.305806,145.136622,Mornington Peninsula
3916,MERRICKS,VIC,-38.415199,145.050587,Mornington Peninsula
3916,POINT LEO,VIC,-38.415199,145.050587,Mornington Peninsula
3916,SHOREHAM,VIC,-38.415199,145.050587,Mornington Peninsula
3918,BITTERN,VIC,-38.339871,145.155546,Mornington Peninsula
3919,CRIB POINT,VIC,-38.352327,145.199777,Mornington Peninsula
3921,ELIZABETH ISLAND,VIC,-38.41571044,145.3687444,Latrobe - Gippsland
3921,FRENCH ISLAND,VIC,-38.419488,145.367079,Latrobe - Gippsland
3921,TANKERTON,VIC,-38.419488,145.367079,Latrobe - Gippsland
3922,COWES,VIC,-38.482182,145.231974,Latrobe - Gippsland
3922,SILVERLEAVES,VIC,-38.482182,145.231974,Latrobe - Gippsland
3922,SMITHS BEACH,VIC,-38.482182,145.231974,Latrobe - Gippsland
3922,SUMMERLANDS,VIC,-38.482182,145.231974,Latrobe - Gippsland
3922,SUNDERLAND BAY,VIC,-38.482182,145.231974,Latrobe - Gippsland
3922,SUNSET STRIP,VIC,-38.482182,145.231974,Latrobe - Gippsland
3922,SURF BEACH,VIC,-38.482182,145.231974,Latrobe - Gippsland
3922,VENTNOR,VIC,-38.482182,145.231974,Latrobe - Gippsland
3922,WIMBLEDON HEIGHTS,VIC,-38.482182,145.231974,Latrobe - Gippsland
3923,RHYLL,VIC,-38.465552,145.293632,Latrobe - Gippsland
3925,CAPE WOOLAMAI,VIC,-38.528213,145.379683,Latrobe - Gippsland
3925,CHURCHILL ISLAND,VIC,-38.528213,145.379683,Latrobe - Gippsland
3925,NEWHAVEN,VIC,-38.528213,145.379683,Latrobe - Gippsland
3925,SAN REMO,VIC,-38.528213,145.379683,Latrobe - Gippsland
3926,BALNARRING,VIC,-38.355231,145.094502,Mornington Peninsula
3926,BALNARRING BEACH,VIC,-38.355231,145.094502,Mornington Peninsula
3926,MERRICKS BEACH,VIC,-38.355231,145.094502,Mornington Peninsula
3926,MERRICKS NORTH,VIC,-38.355231,145.094502,Mornington Peninsula
3927,SOMERS,VIC,-38.383368,145.153269,Mornington Peninsula
3928,MAIN RIDGE,VIC,-38.407828,144.975131,Mornington Peninsula
3929,FLINDERS,VIC,-38.460965,144.976673,Mornington Peninsula
3930,KUNYUNG,VIC,-38.195017,145.093743,Mornington Peninsula
3930,MOUNT ELIZA,VIC,-38.195017,145.093743,Mornington Peninsula
3931,MORNINGTON,VIC,-38.230038,145.049503,Mornington Peninsula
3933,MOOROODUC,VIC,-38.261168,145.096992,Mornington Peninsula
3934,MOUNT MARTHA,VIC,-38.2783,145.031598,Mornington Peninsula
3936,ARTHURS SEAT,VIC,-38.326447,145.007626,Mornington Peninsula
3936,DROMANA,VIC,-38.326447,145.007626,Mornington Peninsula
3936,SAFETY BEACH,VIC,-38.326447,145.007626,Mornington Peninsula
3937,RED HILL,VIC,-38.373694,145.01994,Mornington Peninsula
3937,RED HILL SOUTH,VIC,-38.373694,145.01994,Mornington Peninsula
3938,MCCRAE,VIC,-38.354321,144.931834,Mornington Peninsula
3939,BONEO,VIC,-38.42776,144.900413,Mornington Peninsula
3939,CAPE SCHANCK,VIC,-38.42776,144.900413,Mornington Peninsula
3939,FINGAL,VIC,-38.42776,144.900413,Mornington Peninsula
3939,ROSEBUD,VIC,-38.42776,144.900413,Mornington Peninsula
3939,ROSEBUD PLAZA,VIC,-38.42776,144.900413,Mornington Peninsula
3940,CAPEL SOUND,VIC,-38.37363083,144.8754149,Mornington Peninsula
3940,ROSEBUD WEST,VIC,-38.383367,144.873115,Mornington Peninsula
3941,RYE,VIC,-38.396077,144.827203,Mornington Peninsula
3941,ST ANDREWS BEACH,VIC,-38.396077,144.827203,Mornington Peninsula
3941,TOOTGAROOK,VIC,-38.396077,144.827203,Mornington Peninsula
3942,BLAIRGOWRIE,VIC,-38.367874,144.768301,Mornington Peninsula
3943,SORRENTO,VIC,-38.345527,144.739101,Mornington Peninsula
3944,PORTSEA,VIC,-38.321871,144.692708,Mornington Peninsula
3945,BELLVIEW,VIC,-38.381582,145.697053,Latrobe - Gippsland
3945,JEETHO,VIC,-38.381582,145.697053,Latrobe - Gippsland
3945,KROWERA,VIC,-38.381582,145.697053,Latrobe - Gippsland
3945,LOCH,VIC,-38.381582,145.697053,Latrobe - Gippsland
3945,WOODLEIGH,VIC,-38.381582,145.697053,Latrobe - Gippsland
3946,BENA,VIC,-38.448155,145.723537,Latrobe - Gippsland
3950,KARDELLA SOUTH,VIC,-38.435217,145.812945,Latrobe - Gippsland
3950,KORUMBURRA,VIC,-38.435217,145.812945,Latrobe - Gippsland
3950,KORUMBURRA SOUTH,VIC,-38.435217,145.812945,Latrobe - Gippsland
3950,STRZELECKI,VIC,-38.435217,145.812945,Latrobe - Gippsland
3950,WHITELAW,VIC,-38.435217,145.812945,Latrobe - Gippsland
3951,ARAWATA,VIC,-38.47372,145.798419,Latrobe - Gippsland
3951,FAIRBANK,VIC,-38.47372,145.798419,Latrobe - Gippsland
3951,JUMBUNNA,VIC,-38.47372,145.798419,Latrobe - Gippsland
3951,KARDELLA,VIC,-38.47372,145.798419,Latrobe - Gippsland
3951,KONGWAK,VIC,-38.47372,145.798419,Latrobe - Gippsland
3951,MOYARRA,VIC,-38.47372,145.798419,Latrobe - Gippsland
3951,OUTTRIM,VIC,-38.47372,145.798419,Latrobe - Gippsland
3951,RANCEBY,VIC,-38.47372,145.798419,Latrobe - Gippsland
3953,BERRYS CREEK,VIC,-38.460127,145.995174,Latrobe - Gippsland
3953,BOOROOL,VIC,-38.460127,145.995174,Latrobe - Gippsland
3953,HALLSTON,VIC,-38.460127,145.995174,Latrobe - Gippsland
3953,KOOROOMAN,VIC,-38.460127,145.995174,Latrobe - Gippsland
3953,LEONGATHA,VIC,-38.460127,145.995174,Latrobe - Gippsland
3953,LEONGATHA NORTH,VIC,-38.460127,145.995174,Latrobe - Gippsland
3953,LEONGATHA SOUTH,VIC,-38.460127,145.995174,Latrobe - Gippsland
3953,MARDAN,VIC,-38.460127,145.995174,Latrobe - Gippsland
3953,MOUNT ECCLES,VIC,-38.460127,145.995174,Latrobe - Gippsland
3953,MOUNT ECCLES SOUTH,VIC,-38.460127,145.995174,Latrobe - Gippsland
3953,NERRENA,VIC,-38.460127,145.995174,Latrobe - Gippsland
3953,RUBY,VIC,-38.460127,145.995174,Latrobe - Gippsland
3953,TRIDA,VIC,-38.460127,145.995174,Latrobe - Gippsland
3953,WILD DOG VALLEY,VIC,-38.460127,145.995174,Latrobe - Gippsland
3953,WOOREEN,VIC,-38.40506851,146.0204631,Latrobe - Gippsland
3954,KOONWARRA,VIC,-38.550379,145.937973,Latrobe - Gippsland
3956,DUMBALK,VIC,-38.597018,145.955341,Latrobe - Gippsland
3956,DUMBALK NORTH,VIC,-38.597018,145.955341,Latrobe - Gippsland
3956,MEENIYAN,VIC,-38.597018,145.955341,Latrobe - Gippsland
3956,MIDDLE TARWIN,VIC,-38.66471384,145.927163,Latrobe - Gippsland
3956,MIRBOO SOUTH,VIC,-38.597018,145.955341,Latrobe - Gippsland
3956,TARWIN,VIC,-38.597018,145.955341,Latrobe - Gippsland
3956,TARWIN LOWER,VIC,-38.77338675,145.9119412,Latrobe - Gippsland
3956,VENUS BAY,VIC,-38.597018,145.955341,Latrobe - Gippsland
3956,WALKERVILLE,VIC,-38.597018,145.955341,Latrobe - Gippsland
3956,WALKERVILLE NORTH,VIC,-38.84261489,145.9993437,Latrobe - Gippsland
3956,WALKERVILLE SOUTH,VIC,-38.597018,145.955341,Latrobe - Gippsland
3957,GRASSY SPUR,VIC,-38.589302,146.126718,Latrobe - Gippsland
3957,STONY CREEK,VIC,-38.589302,146.126718,Latrobe - Gippsland
3958,BUFFALO,VIC,-38.673841,145.987059,Latrobe - Gippsland
3958,BUFFALO CREEK,VIC,-38.673841,145.987059,Latrobe - Gippsland
3959,FISH CREEK,VIC,-38.734636,146.066529,Latrobe - Gippsland
3959,HODDLE,VIC,-38.734636,146.066529,Latrobe - Gippsland
3959,SANDY POINT,VIC,-38.734636,146.066529,Latrobe - Gippsland
3959,WARATAH BAY,VIC,-38.734636,146.066529,Latrobe - Gippsland
3959,WARATAH NORTH,VIC,-38.734636,146.066529,Latrobe - Gippsland
3960,BENNISON,VIC,-39.140761,146.360412,Latrobe - Gippsland
3960,BOOLARONG,VIC,-39.140761,146.360412,Latrobe - Gippsland
3960,FOSTER,VIC,-39.140761,146.360412,Latrobe - Gippsland
3960,FOSTER NORTH,VIC,-39.140761,146.360412,Latrobe - Gippsland
3960,GUNYAH,VIC,-39.140761,146.360412,Latrobe - Gippsland
3960,MOUNT BEST,VIC,-39.140761,146.360412,Latrobe - Gippsland
3960,RUMBUG,VIC,-39.140761,146.360412,Latrobe - Gippsland
3960,SHALLOW INLET,VIC,-39.140761,146.360412,Latrobe - Gippsland
3960,TIDAL RIVER,VIC,-39.140761,146.360412,Latrobe - Gippsland
3960,TURTONS CREEK,VIC,-39.140761,146.360412,Latrobe - Gippsland
3960,WILSONS PROMONTORY,VIC,-39.140761,146.360412,Latrobe - Gippsland
3960,WONGA,VIC,-39.140761,146.360412,Latrobe - Gippsland
3960,WOORARRA WEST,VIC,-39.140761,146.360412,Latrobe - Gippsland
3960,YANAKIE,VIC,-39.140761,146.360412,Latrobe - Gippsland
3962,AGNES,VIC,-38.60357,146.359804,Latrobe - Gippsland
3962,CHRISTIES,VIC,-38.5328,146.3929,Latrobe - Gippsland
3962,GRAND RIDGE,VIC,-38.60357,146.359804,Latrobe - Gippsland
3962,TOORA,VIC,-38.60357,146.359804,Latrobe - Gippsland
3962,TOORA NORTH,VIC,-38.60357,146.359804,Latrobe - Gippsland
3962,WONYIP,VIC,-38.60357,146.359804,Latrobe - Gippsland
3962,WOORARRA,VIC,-38.60357,146.359804,Latrobe - Gippsland
3962,WOORARRA EAST,VIC,-38.60357,146.359804,Latrobe - Gippsland
3964,PORT FRANKLIN,VIC,-38.685115,146.278804,Latrobe - Gippsland
3965,PORT WELSHPOOL,VIC,-38.693437,146.472132,Latrobe - Gippsland
3966,BINGINWARRI,VIC,-38.630568,146.436583,Latrobe - Gippsland
3966,HAZEL PARK,VIC,-38.630568,146.436583,Latrobe - Gippsland
3966,WELSHPOOL,VIC,-38.630568,146.436583,Latrobe - Gippsland
3967,HEDLEY,VIC,-38.647562,146.507929,Latrobe - Gippsland
3971,ALBERTON,VIC,-38.631942,146.815723,Latrobe - Gippsland
3971,ALBERTON WEST,VIC,-38.631942,146.815723,Latrobe - Gippsland
3971,BALOOK,VIC,-38.631942,146.815723,Latrobe - Gippsland
3971,BAROMI,VIC,-38.631942,146.815723,Latrobe - Gippsland
3971,CALROSSIE,VIC,-38.631942,146.815723,Latrobe - Gippsland
3971,DEVON NORTH,VIC,-38.631942,146.815723,Latrobe - Gippsland
3971,GELLIONDALE,VIC,-38.631942,146.815723,Latrobe - Gippsland
3971,HIAWATHA,VIC,-38.631942,146.815723,Latrobe - Gippsland
3971,HUNTERSTON,VIC,-38.631942,146.815723,Latrobe - Gippsland
3971,JACK RIVER,VIC,-38.631942,146.815723,Latrobe - Gippsland
3971,LANGSBOROUGH,VIC,-38.631942,146.815723,Latrobe - Gippsland
3971,MACKS CREEK,VIC,-38.631942,146.815723,Latrobe - Gippsland
3971,MADALYA,VIC,-38.631942,146.815723,Latrobe - Gippsland
3971,MANNS BEACH,VIC,-38.631942,146.815723,Latrobe - Gippsland
3971,PORT ALBERT,VIC,-38.631942,146.815723,Latrobe - Gippsland
3971,ROBERTSONS BEACH,VIC,-38.631942,146.815723,Latrobe - Gippsland
3971,SNAKE ISLAND,VIC,-38.74476124,146.5237607,Latrobe - Gippsland
3971,STACEYS BRIDGE,VIC,-38.631942,146.815723,Latrobe - Gippsland
3971,TARRA VALLEY,VIC,-38.631942,146.815723,Latrobe - Gippsland
3971,TARRAVILLE,VIC,-38.631942,146.815723,Latrobe - Gippsland
3971,WON WRON,VIC,-38.631942,146.815723,Latrobe - Gippsland
3971,YARRAM,VIC,-38.631942,146.815723,Latrobe - Gippsland
3975,LYNBROOK,VIC,-38.05354,145.231114,Melbourne - South East
3975,LYNDHURST,VIC,-38.05354,145.231114,Melbourne - South East
3976,HAMPTON PARK,VIC,-38.043995,145.264296,Melbourne - South East
3977,BOTANIC RIDGE,VIC,-38.1466398,145.2695101,Mornington Peninsula
3977,CANNONS CREEK,VIC,-38.135253,145.268888,Mornington Peninsula
3977,CRANBOURNE,VIC,-38.135253,145.268888,Mornington Peninsula
3977,CRANBOURNE EAST,VIC,-38.135253,145.268888,Mornington Peninsula
3977,CRANBOURNE NORTH,VIC,-38.135253,145.268888,Mornington Peninsula
3977,CRANBOURNE SOUTH,VIC,-38.135253,145.268888,Mornington Peninsula
3977,CRANBOURNE WEST,VIC,-38.135253,145.268888,Mornington Peninsula
3977,DEVON MEADOWS,VIC,-38.135253,145.268888,Mornington Peninsula
3977,FIVE WAYS,VIC,-38.135253,145.268888,Mornington Peninsula
3977,JUNCTION VILLAGE,VIC,-38.135253,145.268888,Mornington Peninsula
3977,SANDHURST,VIC,-38.08209438,145.2086871,Mornington Peninsula
3977,SKYE,VIC,-38.135253,145.268888,Mornington Peninsula
3978,CARDINIA,VIC,-38.135009,145.384606,Melbourne - South East
3978,CLYDE,VIC,-38.135009,145.384606,Melbourne - South East
3978,CLYDE NORTH,VIC,-38.135009,145.384606,Melbourne - South East
3979,ALMURTA,VIC,-38.44818,145.591284,Latrobe - Gippsland
3979,GLEN ALVIE,VIC,-38.44818,145.591284,Latrobe - Gippsland
3979,KERNOT,VIC,-38.44818,145.591284,Latrobe - Gippsland
3979,KORRINE,VIC,-38.44818,145.591284,Latrobe - Gippsland
3980,BLIND BIGHT,VIC,-38.204448,145.356937,Melbourne - South East
3980,TOORADIN,VIC,-38.204448,145.356937,Melbourne - South East
3980,WARNEET,VIC,-38.204448,145.356937,Melbourne - South East
3981,BAYLES,VIC,-38.207298,145.575,Melbourne - South East
3981,CATANI,VIC,-38.207298,145.575,Melbourne - South East
3981,DALMORE,VIC,-38.207298,145.575,Melbourne - South East
3981,HEATH HILL,VIC,-38.207298,145.575,Melbourne - South East
3981,KOO WEE RUP,VIC,-38.207298,145.575,Melbourne - South East
3981,KOO WEE RUP NORTH,VIC,-38.207298,145.575,Melbourne - South East
3981,YANNATHAN,VIC,-38.207298,145.575,Melbourne - South East
3984,ADAMS ESTATE,VIC,-38.312647,145.563979,Melbourne - South East
3984,CALDERMEADE,VIC,-38.312647,145.563979,Melbourne - South East
3984,CORINELLA,VIC,-38.312647,145.563979,Melbourne - South East
3984,CORONET BAY,VIC,-38.312647,145.563979,Melbourne - South East
3984,GRANTVILLE,VIC,-38.312647,145.563979,Melbourne - South East
3984,JAM JERRUP,VIC,-38.312647,145.563979,Melbourne - South East
3984,LANG LANG,VIC,-38.312647,145.563979,Melbourne - South East
3984,LANG LANG EAST,VIC,-38.312647,145.563979,Melbourne - South East
3984,MONOMEITH,VIC,-38.312647,145.563979,Melbourne - South East
3984,PIONEER BAY,VIC,-38.312647,145.563979,Melbourne - South East
3984,QUEENSFERRY,VIC,-38.312647,145.563979,Melbourne - South East
3984,TENBY POINT,VIC,-38.312647,145.563979,Melbourne - South East
3984,THE GURDIES,VIC,-38.312647,145.563979,Melbourne - South East
3987,NYORA,VIC,-38.309048,145.689142,Melbourne - South East
3988,MOUNTAIN VIEW,VIC,-38.313447,145.811863,Latrobe - Gippsland
3988,POOWONG,VIC,-38.313447,145.811863,Latrobe - Gippsland
3988,POOWONG EAST,VIC,-38.313447,145.811863,Latrobe - Gippsland
3988,POOWONG NORTH,VIC,-38.313447,145.811863,Latrobe - Gippsland
3990,GLEN FORBES,VIC,-38.455399,145.501279,Latrobe - Gippsland
3991,BASS,VIC,-38.483041,145.466781,Latrobe - Gippsland
3992,BLACKWOOD FOREST,VIC,-38.569135,145.534315,Latrobe - Gippsland
3992,DALYSTON,VIC,-38.569135,145.534315,Latrobe - Gippsland
3992,RYANSTON,VIC,-38.569135,145.534315,Latrobe - Gippsland
3992,WEST CREEK,VIC,-38.569135,145.534315,Latrobe - Gippsland
3995,ANDERSON,VIC,-38.578071,145.630713,Latrobe - Gippsland
3995,ARCHIES CREEK,VIC,-38.578071,145.630713,Latrobe - Gippsland
3995,CAPE PATERSON,VIC,-38.578071,145.630713,Latrobe - Gippsland
3995,HARMERS HAVEN,VIC,-38.578071,145.630713,Latrobe - Gippsland
3995,HICKSBOROUGH,VIC,-38.578071,145.630713,Latrobe - Gippsland
3995,KILCUNDA,VIC,-38.578071,145.630713,Latrobe - Gippsland
3995,LANCE CREEK,VIC,-38.578071,145.630713,Latrobe - Gippsland
3995,NORTH WONTHAGGI,VIC,-38.578071,145.630713,Latrobe - Gippsland
3995,POWLETT RIVER,VIC,-38.578071,145.630713,Latrobe - Gippsland
3995,SOUTH DUDLEY,VIC,-38.578071,145.630713,Latrobe - Gippsland
3995,ST CLAIR,VIC,-38.578071,145.630713,Latrobe - Gippsland
3995,WATTLE BANK,VIC,-38.578071,145.630713,Latrobe - Gippsland
3995,WONTHAGGI,VIC,-38.578071,145.630713,Latrobe - Gippsland
3995,WOOLAMAI,VIC,-38.578071,145.630713,Latrobe - Gippsland
3996,INVERLOCH,VIC,-38.629561,145.745609,Latrobe - Gippsland
3996,POUND CREEK,VIC,-38.629561,145.745609,Latrobe - Gippsland
7256,BUNGAREE,TAS,-39.830946,144.159775,West and North West
7256,CURRIE,TAS,-39.830946,144.159775,West and North West
7256,EGG LAGOON,TAS,-39.830946,144.159775,West and North West
7256,GRASSY,TAS,-39.830946,144.159775,West and North West
7256,LOORANA,TAS,-39.830946,144.159775,West and North West
7256,LYMWOOD,TAS,-39.830946,144.159775,West and North West
7256,NARACOOPA,TAS,-39.830946,144.159775,West and North West
7256,NUGARA,TAS,-39.830946,144.159775,West and North West
7256,PEARSHAPE,TAS,-39.830946,144.159775,West and North West
7256,PEGARAH,TAS,-39.830946,144.159775,West and North West
7256,REEKARA,TAS,-39.830946,144.159775,West and North West
7256,SEA ELEPHANT,TAS,-39.830946,144.159775,West and North West
7256,SURPRISE BAY,TAS,-39.830946,144.159775,West and North West
7256,WICKHAM,TAS,-39.830946,144.159775,West and North West
7256,YAMBACOONA,TAS,-39.830946,144.159775,West and North West
7256,YARRA CREEK,TAS,-39.830946,144.159775,West and North West
9999,NORTH POLE,VIC,-37.817403,144.956776,Melbourne - Inner
